market,current_band,band_min,band_max,side,venue,fav_ud,current_value,historical_source_filepath,historical_config_filepath,historical_source_value,historical_sample_size,historical_wins,historical_losses,historical_pushes,historical_profit,historical_roi,historical_win_rate,historical_extra_juice,mathematical_transformation,provenance_classification,direct_roi_or_profit_flag,probabilistically_unsupported_flag,independent_oos_probability_validation_found,provenance_note
moneyline,-999 to -600,-999.0,-600.0,away,away,favorite,0.0052,fromlaptop/BETS FOLDER ARCHIVE/bets/config/hockey/nhl/nhl_moneyline_juice.csv,fromlaptop/BETS FOLDER ARCHIVE/bets/config/hockey/nhl/nhl_moneyline_juice.csv,0.0052,,,,,,,,0.0052,active_value = archived extra_juice; upstream derivation not demonstrated,unknown provenance,False,True,False,"Active value copies archived extra_juice, but no exact ROI/profit/win-rate/calibration transformation is supported by the located source metrics."
moneyline,-999 to -600,-999.0,-600.0,home,home,favorite,0.0052,fromlaptop/BETS FOLDER ARCHIVE/bets/config/hockey/nhl/nhl_data_ml_bands.csv,fromlaptop/BETS FOLDER ARCHIVE/bets/config/hockey/nhl/nhl_moneyline_juice.csv,-0.0052,7.0,6.0,1.0,0.0,-0.0366300366300366,-0.0052,0.8571,0.0052,active_value = -historical_roi,negative ROI,True,True,False,Exact numeric match to sign-reversed historical ROI.
moneyline,-599 to -500,-599.0,-500.0,away,away,favorite,0.1695,fromlaptop/BETS FOLDER ARCHIVE/bets/config/hockey/nhl/nhl_moneyline_juice.csv,fromlaptop/BETS FOLDER ARCHIVE/bets/config/hockey/nhl/nhl_moneyline_juice.csv,0.1695,,,,,,,,0.1695,active_value = archived extra_juice; upstream derivation not demonstrated,unknown provenance,False,True,False,"Active value copies archived extra_juice, but no exact ROI/profit/win-rate/calibration transformation is supported by the located source metrics."
moneyline,-599 to -500,-599.0,-500.0,home,home,favorite,0.1695,fromlaptop/BETS FOLDER ARCHIVE/bets/config/hockey/nhl/nhl_data_ml_bands.csv,fromlaptop/BETS FOLDER ARCHIVE/bets/config/hockey/nhl/nhl_moneyline_juice.csv,-0.1695,10.0,7.0,3.0,0.0,-1.6946159118431472,-0.1695,0.7,0.1695,active_value = -historical_roi,negative ROI,True,True,False,Exact numeric match to sign-reversed historical ROI.
moneyline,-499 to -400,-499.0,-400.0,away,away,favorite,-0.2427,fromlaptop/BETS FOLDER ARCHIVE/bets/config/hockey/nhl/nhl_data_ml_bands.csv,fromlaptop/BETS FOLDER ARCHIVE/bets/config/hockey/nhl/nhl_moneyline_juice.csv,0.2427,4.0,4.0,0.0,0.0,0.9706533776301218,0.2427,1.0,-0.2427,active_value = -historical_roi,negative ROI,True,True,False,Exact numeric match to sign-reversed historical ROI.
moneyline,-499 to -400,-499.0,-400.0,home,home,favorite,-0.0162,fromlaptop/BETS FOLDER ARCHIVE/bets/config/hockey/nhl/nhl_data_ml_bands.csv,fromlaptop/BETS FOLDER ARCHIVE/bets/config/hockey/nhl/nhl_moneyline_juice.csv,0.0162,39.0,32.0,7.0,0.0,0.6328537422964222,0.0162,0.8205,-0.0162,active_value = -historical_roi,negative ROI,True,True,False,Exact numeric match to sign-reversed historical ROI.
moneyline,-399 to -350,-399.0,-350.0,away,away,favorite,0.2087,fromlaptop/BETS FOLDER ARCHIVE/bets/config/hockey/nhl/nhl_data_ml_bands.csv,fromlaptop/BETS FOLDER ARCHIVE/bets/config/hockey/nhl/nhl_moneyline_juice.csv,-0.2087,8.0,5.0,3.0,0.0,-1.6695906432748535,-0.2087,0.625,0.2087,active_value = -historical_roi,negative ROI,True,True,False,Exact numeric match to sign-reversed historical ROI.
moneyline,-399 to -350,-399.0,-350.0,home,home,favorite,-0.0026,fromlaptop/BETS FOLDER ARCHIVE/bets/config/hockey/nhl/nhl_data_ml_bands.csv,fromlaptop/BETS FOLDER ARCHIVE/bets/config/hockey/nhl/nhl_moneyline_juice.csv,0.0026,70.0,55.0,15.0,0.0,0.1802981274610514,0.0026,0.7857,-0.0026,active_value = -historical_roi,negative ROI,True,True,False,Exact numeric match to sign-reversed historical ROI.
moneyline,-349 to -325,-349.0,-325.0,away,away,favorite,0.2766,fromlaptop/BETS FOLDER ARCHIVE/bets/config/hockey/nhl/nhl_data_ml_bands.csv,fromlaptop/BETS FOLDER ARCHIVE/bets/config/hockey/nhl/nhl_moneyline_juice.csv,-0.2766,9.0,5.0,4.0,0.0,-2.48909913615796,-0.2766,0.5556,0.2766,active_value = -historical_roi,negative ROI,True,True,False,Exact numeric match to sign-reversed historical ROI.
moneyline,-349 to -325,-349.0,-325.0,home,home,favorite,0.0382,fromlaptop/BETS FOLDER ARCHIVE/bets/config/hockey/nhl/nhl_data_ml_bands.csv,fromlaptop/BETS FOLDER ARCHIVE/bets/config/hockey/nhl/nhl_moneyline_juice.csv,-0.0382,54.0,40.0,14.0,0.0,-2.0606377373946176,-0.0382,0.7407,0.0382,active_value = -historical_roi,negative ROI,True,True,False,Exact numeric match to sign-reversed historical ROI.
moneyline,-324 to -300,-324.0,-300.0,away,away,favorite,0.004,fromlaptop/BETS FOLDER ARCHIVE/bets/config/hockey/nhl/nhl_data_ml_bands.csv,fromlaptop/BETS FOLDER ARCHIVE/bets/config/hockey/nhl/nhl_moneyline_juice.csv,-0.004,16.0,12.0,4.0,0.0,-0.0636762064247524,-0.004,0.75,0.004,active_value = -historical_roi,negative ROI,True,True,False,Exact numeric match to sign-reversed historical ROI.
moneyline,-324 to -300,-324.0,-300.0,home,home,favorite,0.0327,fromlaptop/BETS FOLDER ARCHIVE/bets/config/hockey/nhl/nhl_data_ml_bands.csv,fromlaptop/BETS FOLDER ARCHIVE/bets/config/hockey/nhl/nhl_moneyline_juice.csv,-0.0327,115.0,84.0,31.0,0.0,-3.76119226457273,-0.0327,0.7304,0.0327,active_value = -historical_roi,negative ROI,True,True,False,Exact numeric match to sign-reversed historical ROI.
moneyline,-299 to -290,-299.0,-290.0,away,away,favorite,0.1442,fromlaptop/BETS FOLDER ARCHIVE/bets/config/hockey/nhl/nhl_data_ml_bands.csv,fromlaptop/BETS FOLDER ARCHIVE/bets/config/hockey/nhl/nhl_moneyline_juice.csv,-0.1442,11.0,7.0,4.0,0.0,-1.586206896551724,-0.1442,0.6364,0.1442,active_value = -historical_roi,negative ROI,True,True,False,Exact numeric match to sign-reversed historical ROI.
moneyline,-299 to -290,-299.0,-290.0,home,home,favorite,-0.034,fromlaptop/BETS FOLDER ARCHIVE/bets/config/hockey/nhl/nhl_data_ml_bands.csv,fromlaptop/BETS FOLDER ARCHIVE/bets/config/hockey/nhl/nhl_moneyline_juice.csv,0.034,65.0,50.0,15.0,0.0,2.2076217432352934,0.034,0.7692,-0.034,active_value = -historical_roi,negative ROI,True,True,False,Exact numeric match to sign-reversed historical ROI.
moneyline,-289 to -280,-289.0,-280.0,away,away,favorite,-0.0179,fromlaptop/BETS FOLDER ARCHIVE/bets/config/hockey/nhl/nhl_data_ml_bands.csv,fromlaptop/BETS FOLDER ARCHIVE/bets/config/hockey/nhl/nhl_moneyline_juice.csv,0.0179,4.0,3.0,1.0,0.0,0.0714285714285714,0.0179,0.75,-0.0179,active_value = -historical_roi,negative ROI,True,True,False,Exact numeric match to sign-reversed historical ROI.
moneyline,-289 to -280,-289.0,-280.0,home,home,favorite,-0.096,fromlaptop/BETS FOLDER ARCHIVE/bets/config/hockey/nhl/nhl_data_ml_bands.csv,fromlaptop/BETS FOLDER ARCHIVE/bets/config/hockey/nhl/nhl_moneyline_juice.csv,0.096,47.0,38.0,9.0,0.0,4.511565012316241,0.096,0.8085,-0.096,active_value = -historical_roi,negative ROI,True,True,False,Exact numeric match to sign-reversed historical ROI.
moneyline,-279 to -270,-279.0,-270.0,away,away,favorite,0.0864,fromlaptop/BETS FOLDER ARCHIVE/bets/config/hockey/nhl/nhl_data_ml_bands.csv,fromlaptop/BETS FOLDER ARCHIVE/bets/config/hockey/nhl/nhl_moneyline_juice.csv,-0.0864,6.0,4.0,2.0,0.0,-0.5185185185185185,-0.0864,0.6667,0.0864,active_value = -historical_roi,negative ROI,True,True,False,Exact numeric match to sign-reversed historical ROI.
moneyline,-279 to -270,-279.0,-270.0,home,home,favorite,-0.031,fromlaptop/BETS FOLDER ARCHIVE/bets/config/hockey/nhl/nhl_data_ml_bands.csv,fromlaptop/BETS FOLDER ARCHIVE/bets/config/hockey/nhl/nhl_moneyline_juice.csv,0.031,73.0,55.0,18.0,0.0,2.266636957813428,0.031,0.7534,-0.031,active_value = -historical_roi,negative ROI,True,True,False,Exact numeric match to sign-reversed historical ROI.
moneyline,-269 to -260,-269.0,-260.0,away,away,favorite,0.3453,fromlaptop/BETS FOLDER ARCHIVE/bets/config/hockey/nhl/nhl_data_ml_bands.csv,fromlaptop/BETS FOLDER ARCHIVE/bets/config/hockey/nhl/nhl_moneyline_juice.csv,-0.3453,19.0,9.0,10.0,0.0,-6.56023222060958,-0.3453,0.4737,0.3453,active_value = -historical_roi,negative ROI,True,True,False,Exact numeric match to sign-reversed historical ROI.
moneyline,-269 to -260,-269.0,-260.0,home,home,favorite,-0.0047,fromlaptop/BETS FOLDER ARCHIVE/bets/config/hockey/nhl/nhl_data_ml_bands.csv,fromlaptop/BETS FOLDER ARCHIVE/bets/config/hockey/nhl/nhl_moneyline_juice.csv,0.0047,117.0,85.0,32.0,0.0,0.5455523704765648,0.0047,0.7265,-0.0047,active_value = -historical_roi,negative ROI,True,True,False,Exact numeric match to sign-reversed historical ROI.
moneyline,-259 to -250,-259.0,-250.0,away,away,favorite,0.3368,fromlaptop/BETS FOLDER ARCHIVE/bets/config/hockey/nhl/nhl_data_ml_bands.csv,fromlaptop/BETS FOLDER ARCHIVE/bets/config/hockey/nhl/nhl_moneyline_juice.csv,-0.3368,19.0,9.0,10.0,0.0,-6.4,-0.3368,0.4737,0.3368,active_value = -historical_roi,negative ROI,True,True,False,Exact numeric match to sign-reversed historical ROI.
moneyline,-259 to -250,-259.0,-250.0,home,home,favorite,0.0812,fromlaptop/BETS FOLDER ARCHIVE/bets/config/hockey/nhl/nhl_data_ml_bands.csv,fromlaptop/BETS FOLDER ARCHIVE/bets/config/hockey/nhl/nhl_moneyline_juice.csv,-0.0812,108.0,71.0,37.0,0.0,-8.770896524391357,-0.0812,0.6574,0.0812,active_value = -historical_roi,negative ROI,True,True,False,Exact numeric match to sign-reversed historical ROI.
moneyline,-249 to -240,-249.0,-240.0,away,away,favorite,-0.0506,fromlaptop/BETS FOLDER ARCHIVE/bets/config/hockey/nhl/nhl_data_ml_bands.csv,fromlaptop/BETS FOLDER ARCHIVE/bets/config/hockey/nhl/nhl_moneyline_juice.csv,0.0506,35.0,26.0,9.0,0.0,1.77049112327858,0.0506,0.7429,-0.0506,active_value = -historical_roi,negative ROI,True,True,False,Exact numeric match to sign-reversed historical ROI.
moneyline,-249 to -240,-249.0,-240.0,home,home,favorite,0.0902,fromlaptop/BETS FOLDER ARCHIVE/bets/config/hockey/nhl/nhl_data_ml_bands.csv,fromlaptop/BETS FOLDER ARCHIVE/bets/config/hockey/nhl/nhl_moneyline_juice.csv,-0.0902,157.0,101.0,56.0,0.0,-14.168340997736578,-0.0902,0.6433,0.0902,active_value = -historical_roi,negative ROI,True,True,False,Exact numeric match to sign-reversed historical ROI.
moneyline,-239 to -230,-239.0,-230.0,away,away,favorite,-0.1565,fromlaptop/BETS FOLDER ARCHIVE/bets/config/hockey/nhl/nhl_data_ml_bands.csv,fromlaptop/BETS FOLDER ARCHIVE/bets/config/hockey/nhl/nhl_moneyline_juice.csv,0.1565,31.0,25.0,6.0,0.0,4.8510638297872335,0.1565,0.8065,-0.1565,active_value = -historical_roi,negative ROI,True,True,False,Exact numeric match to sign-reversed historical ROI.
moneyline,-239 to -230,-239.0,-230.0,home,home,favorite,-0.0513,fromlaptop/BETS FOLDER ARCHIVE/bets/config/hockey/nhl/nhl_data_ml_bands.csv,fromlaptop/BETS FOLDER ARCHIVE/bets/config/hockey/nhl/nhl_moneyline_juice.csv,0.0513,214.0,157.0,57.0,0.0,10.986856820481387,0.0513,0.7336,-0.0513,active_value = -historical_roi,negative ROI,True,True,False,Exact numeric match to sign-reversed historical ROI.
moneyline,-229 to -220,-229.0,-220.0,away,away,favorite,0.1292,fromlaptop/BETS FOLDER ARCHIVE/bets/config/hockey/nhl/nhl_data_ml_bands.csv,fromlaptop/BETS FOLDER ARCHIVE/bets/config/hockey/nhl/nhl_moneyline_juice.csv,-0.1292,30.0,18.0,12.0,0.0,-3.874534821903243,-0.1292,0.6,0.1292,active_value = -historical_roi,negative ROI,True,True,False,Exact numeric match to sign-reversed historical ROI.
moneyline,-229 to -220,-229.0,-220.0,home,home,favorite,0.0517,fromlaptop/BETS FOLDER ARCHIVE/bets/config/hockey/nhl/nhl_data_ml_bands.csv,fromlaptop/BETS FOLDER ARCHIVE/bets/config/hockey/nhl/nhl_moneyline_juice.csv,-0.0517,141.0,92.0,49.0,0.0,-7.294898262300179,-0.0517,0.6525,0.0517,active_value = -historical_roi,negative ROI,True,True,False,Exact numeric match to sign-reversed historical ROI.
moneyline,-219 to -210,-219.0,-210.0,away,away,favorite,-0.0502,fromlaptop/BETS FOLDER ARCHIVE/bets/config/hockey/nhl/nhl_data_ml_bands.csv,fromlaptop/BETS FOLDER ARCHIVE/bets/config/hockey/nhl/nhl_moneyline_juice.csv,0.0502,35.0,25.0,10.0,0.0,1.7586440260858862,0.0502,0.7143,-0.0502,active_value = -historical_roi,negative ROI,True,True,False,Exact numeric match to sign-reversed historical ROI.
moneyline,-219 to -210,-219.0,-210.0,home,home,favorite,-0.0474,fromlaptop/BETS FOLDER ARCHIVE/bets/config/hockey/nhl/nhl_data_ml_bands.csv,fromlaptop/BETS FOLDER ARCHIVE/bets/config/hockey/nhl/nhl_moneyline_juice.csv,0.0474,316.0,225.0,91.0,0.0,14.981263129457572,0.0474,0.712,-0.0474,active_value = -historical_roi,negative ROI,True,True,False,Exact numeric match to sign-reversed historical ROI.
moneyline,-209 to -200,-209.0,-200.0,away,away,favorite,0.148,fromlaptop/BETS FOLDER ARCHIVE/bets/config/hockey/nhl/nhl_data_ml_bands.csv,fromlaptop/BETS FOLDER ARCHIVE/bets/config/hockey/nhl/nhl_moneyline_juice.csv,-0.148,93.0,53.0,40.0,0.0,-13.76102484048742,-0.148,0.5699,0.148,active_value = -historical_roi,negative ROI,True,True,False,Exact numeric match to sign-reversed historical ROI.
moneyline,-209 to -200,-209.0,-200.0,home,home,favorite,0.0433,fromlaptop/BETS FOLDER ARCHIVE/bets/config/hockey/nhl/nhl_data_ml_bands.csv,fromlaptop/BETS FOLDER ARCHIVE/bets/config/hockey/nhl/nhl_moneyline_juice.csv,-0.0433,480.0,307.0,173.0,0.0,-20.770756025151467,-0.0433,0.6396,0.0433,active_value = -historical_roi,negative ROI,True,True,False,Exact numeric match to sign-reversed historical ROI.
moneyline,-199 to -190,-199.0,-190.0,away,away,favorite,-0.0146,fromlaptop/BETS FOLDER ARCHIVE/bets/config/hockey/nhl/nhl_data_ml_bands.csv,fromlaptop/BETS FOLDER ARCHIVE/bets/config/hockey/nhl/nhl_moneyline_juice.csv,0.0146,69.0,46.0,23.0,0.0,1.0062952398478706,0.0146,0.6667,-0.0146,active_value = -historical_roi,negative ROI,True,True,False,Exact numeric match to sign-reversed historical ROI.
moneyline,-199 to -190,-199.0,-190.0,home,home,favorite,-0.0045,fromlaptop/BETS FOLDER ARCHIVE/bets/config/hockey/nhl/nhl_data_ml_bands.csv,fromlaptop/BETS FOLDER ARCHIVE/bets/config/hockey/nhl/nhl_moneyline_juice.csv,0.0045,291.0,192.0,99.0,0.0,1.298733176318069,0.0045,0.6598,-0.0045,active_value = -historical_roi,negative ROI,True,True,False,Exact numeric match to sign-reversed historical ROI.
moneyline,-189 to -180,-189.0,-180.0,away,away,favorite,0.0305,fromlaptop/BETS FOLDER ARCHIVE/bets/config/hockey/nhl/nhl_data_ml_bands.csv,fromlaptop/BETS FOLDER ARCHIVE/bets/config/hockey/nhl/nhl_moneyline_juice.csv,-0.0305,123.0,77.0,46.0,0.0,-3.755933220579621,-0.0305,0.626,0.0305,active_value = -historical_roi,negative ROI,True,True,False,Exact numeric match to sign-reversed historical ROI.
moneyline,-189 to -180,-189.0,-180.0,home,home,favorite,0.0305,fromlaptop/BETS FOLDER ARCHIVE/bets/config/hockey/nhl/nhl_data_ml_bands.csv,fromlaptop/BETS FOLDER ARCHIVE/bets/config/hockey/nhl/nhl_moneyline_juice.csv,-0.0305,524.0,328.0,196.0,0.0,-15.976299213731444,-0.0305,0.626,0.0305,active_value = -historical_roi,negative ROI,True,True,False,Exact numeric match to sign-reversed historical ROI.
moneyline,-179 to -170,-179.0,-170.0,away,away,favorite,-0.0952,fromlaptop/BETS FOLDER ARCHIVE/bets/config/hockey/nhl/nhl_data_ml_bands.csv,fromlaptop/BETS FOLDER ARCHIVE/bets/config/hockey/nhl/nhl_moneyline_juice.csv,0.0952,195.0,135.0,60.0,0.0,18.55554103242954,0.0952,0.6923,-0.0952,active_value = -historical_roi,negative ROI,True,True,False,Exact numeric match to sign-reversed historical ROI.
moneyline,-179 to -170,-179.0,-170.0,home,home,favorite,-0.0081,fromlaptop/BETS FOLDER ARCHIVE/bets/config/hockey/nhl/nhl_data_ml_bands.csv,fromlaptop/BETS FOLDER ARCHIVE/bets/config/hockey/nhl/nhl_moneyline_juice.csv,0.0081,616.0,393.0,223.0,0.0,4.966859439409745,0.0081,0.638,-0.0081,active_value = -historical_roi,negative ROI,True,True,False,Exact numeric match to sign-reversed historical ROI.
moneyline,-169 to -160,-169.0,-160.0,away,away,favorite,0.0095,fromlaptop/BETS FOLDER ARCHIVE/bets/config/hockey/nhl/nhl_data_ml_bands.csv,fromlaptop/BETS FOLDER ARCHIVE/bets/config/hockey/nhl/nhl_moneyline_juice.csv,-0.0095,269.0,165.0,104.0,0.0,-2.556938886964863,-0.0095,0.6134,0.0095,active_value = -historical_roi,negative ROI,True,True,False,Exact numeric match to sign-reversed historical ROI.
moneyline,-169 to -160,-169.0,-160.0,home,home,favorite,0.0326,fromlaptop/BETS FOLDER ARCHIVE/bets/config/hockey/nhl/nhl_data_ml_bands.csv,fromlaptop/BETS FOLDER ARCHIVE/bets/config/hockey/nhl/nhl_moneyline_juice.csv,-0.0326,783.0,469.0,314.0,0.0,-25.54395150915035,-0.0326,0.599,0.0326,active_value = -historical_roi,negative ROI,True,True,False,Exact numeric match to sign-reversed historical ROI.
moneyline,-159 to -150,-159.0,-150.0,away,away,favorite,0.0214,fromlaptop/BETS FOLDER ARCHIVE/bets/config/hockey/nhl/nhl_data_ml_bands.csv,fromlaptop/BETS FOLDER ARCHIVE/bets/config/hockey/nhl/nhl_moneyline_juice.csv,-0.0214,360.0,213.0,147.0,0.0,-7.694902549951618,-0.0214,0.5917,0.0214,active_value = -historical_roi,negative ROI,True,True,False,Exact numeric match to sign-reversed historical ROI.
moneyline,-159 to -150,-159.0,-150.0,home,home,favorite,0.0568,fromlaptop/BETS FOLDER ARCHIVE/bets/config/hockey/nhl/nhl_data_ml_bands.csv,fromlaptop/BETS FOLDER ARCHIVE/bets/config/hockey/nhl/nhl_moneyline_juice.csv,-0.0568,956.0,545.0,411.0,0.0,-54.25901516422351,-0.0568,0.5701,0.0568,active_value = -historical_roi,negative ROI,True,True,False,Exact numeric match to sign-reversed historical ROI.
moneyline,-149 to -140,-149.0,-140.0,away,away,favorite,0.0671,fromlaptop/BETS FOLDER ARCHIVE/bets/config/hockey/nhl/nhl_data_ml_bands.csv,fromlaptop/BETS FOLDER ARCHIVE/bets/config/hockey/nhl/nhl_moneyline_juice.csv,-0.0671,441.0,242.0,199.0,0.0,-29.60620995292632,-0.0671,0.5488,0.0671,active_value = -historical_roi,negative ROI,True,True,False,Exact numeric match to sign-reversed historical ROI.
moneyline,-149 to -140,-149.0,-140.0,home,home,favorite,0.0162,fromlaptop/BETS FOLDER ARCHIVE/bets/config/hockey/nhl/nhl_data_ml_bands.csv,fromlaptop/BETS FOLDER ARCHIVE/bets/config/hockey/nhl/nhl_moneyline_juice.csv,-0.0162,1000.0,579.0,421.0,0.0,-16.186483126011122,-0.0162,0.579,0.0162,active_value = -historical_roi,negative ROI,True,True,False,Exact numeric match to sign-reversed historical ROI.
moneyline,-139 to -130,-139.0,-130.0,away,away,favorite,-0.026,fromlaptop/BETS FOLDER ARCHIVE/bets/config/hockey/nhl/nhl_data_ml_bands.csv,fromlaptop/BETS FOLDER ARCHIVE/bets/config/hockey/nhl/nhl_moneyline_juice.csv,0.026,584.0,342.0,242.0,0.0,15.193269585093637,0.026,0.5856,-0.026,active_value = -historical_roi,negative ROI,True,True,False,Exact numeric match to sign-reversed historical ROI.
moneyline,-139 to -130,-139.0,-130.0,home,home,favorite,0.0363,fromlaptop/BETS FOLDER ARCHIVE/bets/config/hockey/nhl/nhl_data_ml_bands.csv,fromlaptop/BETS FOLDER ARCHIVE/bets/config/hockey/nhl/nhl_moneyline_juice.csv,-0.0363,1078.0,593.0,485.0,0.0,-39.08472622363504,-0.0363,0.5501,0.0363,active_value = -historical_roi,negative ROI,True,True,False,Exact numeric match to sign-reversed historical ROI.
moneyline,-129 to -120,-129.0,-120.0,away,away,favorite,-0.0444,fromlaptop/BETS FOLDER ARCHIVE/bets/config/hockey/nhl/nhl_data_ml_bands.csv,fromlaptop/BETS FOLDER ARCHIVE/bets/config/hockey/nhl/nhl_moneyline_juice.csv,0.0444,779.0,449.0,330.0,0.0,34.626202760998154,0.0444,0.5764,-0.0444,active_value = -historical_roi,negative ROI,True,True,False,Exact numeric match to sign-reversed historical ROI.
moneyline,-129 to -120,-129.0,-120.0,home,home,favorite,0.0391,fromlaptop/BETS FOLDER ARCHIVE/bets/config/hockey/nhl/nhl_data_ml_bands.csv,fromlaptop/BETS FOLDER ARCHIVE/bets/config/hockey/nhl/nhl_moneyline_juice.csv,-0.0391,1132.0,601.0,531.0,0.0,-44.21583630596072,-0.0391,0.5309,0.0391,active_value = -historical_roi,negative ROI,True,True,False,Exact numeric match to sign-reversed historical ROI.
moneyline,-119 to -110,-119.0,-110.0,away,away,favorite,0.0102,fromlaptop/BETS FOLDER ARCHIVE/bets/config/hockey/nhl/nhl_data_ml_bands.csv,fromlaptop/BETS FOLDER ARCHIVE/bets/config/hockey/nhl/nhl_moneyline_juice.csv,-0.0102,826.0,436.0,390.0,0.0,-8.432358455870233,-0.0102,0.5278,0.0102,active_value = -historical_roi,negative ROI,True,True,False,Exact numeric match to sign-reversed historical ROI.
moneyline,-119 to -110,-119.0,-110.0,home,home,favorite,0.0163,fromlaptop/BETS FOLDER ARCHIVE/bets/config/hockey/nhl/nhl_data_ml_bands.csv,fromlaptop/BETS FOLDER ARCHIVE/bets/config/hockey/nhl/nhl_moneyline_juice.csv,-0.0163,943.0,495.0,448.0,0.0,-15.32496543049071,-0.0163,0.5249,0.0163,active_value = -historical_roi,negative ROI,True,True,False,Exact numeric match to sign-reversed historical ROI.
moneyline,-109 to -100,-109.0,-100.0,away,away,favorite,0.1653,fromlaptop/BETS FOLDER ARCHIVE/bets/config/hockey/nhl/nhl_data_ml_bands.csv,fromlaptop/BETS FOLDER ARCHIVE/bets/config/hockey/nhl/nhl_moneyline_juice.csv,-0.1653,60.0,26.0,34.0,0.0,-9.915353570541155,-0.1653,0.4333,0.1653,active_value = -historical_roi,negative ROI,True,True,False,Exact numeric match to sign-reversed historical ROI.
moneyline,-109 to -100,-109.0,-100.0,home,home,favorite,0.0977,fromlaptop/BETS FOLDER ARCHIVE/bets/config/hockey/nhl/nhl_data_ml_bands.csv,fromlaptop/BETS FOLDER ARCHIVE/bets/config/hockey/nhl/nhl_moneyline_juice.csv,-0.0977,62.0,29.0,33.0,0.0,-6.060324799294513,-0.0977,0.4677,0.0977,active_value = -historical_roi,negative ROI,True,True,False,Exact numeric match to sign-reversed historical ROI.
moneyline,100 to 109,100.0,109.0,away,away,underdog,0.0353,fromlaptop/BETS FOLDER ARCHIVE/bets/config/hockey/nhl/nhl_data_ml_bands.csv,fromlaptop/BETS FOLDER ARCHIVE/bets/config/hockey/nhl/nhl_moneyline_juice.csv,-0.0353,1117.0,530.0,587.0,0.0,-39.41999999999999,-0.0353,0.4745,0.0353,active_value = -historical_roi,negative ROI,True,True,False,Exact numeric match to sign-reversed historical ROI.
moneyline,100 to 109,100.0,109.0,home,home,underdog,0.1329,fromlaptop/BETS FOLDER ARCHIVE/bets/config/hockey/nhl/nhl_data_ml_bands.csv,fromlaptop/BETS FOLDER ARCHIVE/bets/config/hockey/nhl/nhl_moneyline_juice.csv,-0.1329,805.0,344.0,461.0,0.0,-106.96,-0.1329,0.4273,0.1329,active_value = -historical_roi,negative ROI,True,True,False,Exact numeric match to sign-reversed historical ROI.
moneyline,110 to 119,110.0,119.0,away,away,underdog,0.0289,fromlaptop/BETS FOLDER ARCHIVE/bets/config/hockey/nhl/nhl_data_ml_bands.csv,fromlaptop/BETS FOLDER ARCHIVE/bets/config/hockey/nhl/nhl_moneyline_juice.csv,-0.0289,1104.0,503.0,601.0,0.0,-31.950000000000006,-0.0289,0.4556,0.0289,active_value = -historical_roi,negative ROI,True,True,False,Exact numeric match to sign-reversed historical ROI.
moneyline,110 to 119,110.0,119.0,home,home,underdog,0.0707,fromlaptop/BETS FOLDER ARCHIVE/bets/config/hockey/nhl/nhl_data_ml_bands.csv,fromlaptop/BETS FOLDER ARCHIVE/bets/config/hockey/nhl/nhl_moneyline_juice.csv,-0.0707,655.0,286.0,369.0,0.0,-46.34,-0.0707,0.4366,0.0707,active_value = -historical_roi,negative ROI,True,True,False,Exact numeric match to sign-reversed historical ROI.
moneyline,120 to 129,120.0,129.0,away,away,underdog,0.0427,fromlaptop/BETS FOLDER ARCHIVE/bets/config/hockey/nhl/nhl_data_ml_bands.csv,fromlaptop/BETS FOLDER ARCHIVE/bets/config/hockey/nhl/nhl_moneyline_juice.csv,-0.0427,1090.0,468.0,622.0,0.0,-46.49000000000001,-0.0427,0.4294,0.0427,active_value = -historical_roi,negative ROI,True,True,False,Exact numeric match to sign-reversed historical ROI.
moneyline,120 to 129,120.0,129.0,home,home,underdog,0.0752,fromlaptop/BETS FOLDER ARCHIVE/bets/config/hockey/nhl/nhl_data_ml_bands.csv,fromlaptop/BETS FOLDER ARCHIVE/bets/config/hockey/nhl/nhl_moneyline_juice.csv,-0.0752,520.0,216.0,304.0,0.0,-39.080000000000005,-0.0752,0.4154,0.0752,active_value = -historical_roi,negative ROI,True,True,False,Exact numeric match to sign-reversed historical ROI.
moneyline,130 to 139,130.0,139.0,away,away,underdog,0.0187,fromlaptop/BETS FOLDER ARCHIVE/bets/config/hockey/nhl/nhl_data_ml_bands.csv,fromlaptop/BETS FOLDER ARCHIVE/bets/config/hockey/nhl/nhl_moneyline_juice.csv,-0.0187,1051.0,443.0,608.0,0.0,-19.689999999999973,-0.0187,0.4215,0.0187,active_value = -historical_roi,negative ROI,True,True,False,Exact numeric match to sign-reversed historical ROI.
moneyline,130 to 139,130.0,139.0,home,home,underdog,-0.0262,fromlaptop/BETS FOLDER ARCHIVE/bets/config/hockey/nhl/nhl_data_ml_bands.csv,fromlaptop/BETS FOLDER ARCHIVE/bets/config/hockey/nhl/nhl_moneyline_juice.csv,0.0262,411.0,181.0,230.0,0.0,10.750000000000012,0.0262,0.4404,-0.0262,active_value = -historical_roi,negative ROI,True,True,False,Exact numeric match to sign-reversed historical ROI.
moneyline,140 to 149,140.0,149.0,away,away,underdog,0.0132,fromlaptop/BETS FOLDER ARCHIVE/bets/config/hockey/nhl/nhl_data_ml_bands.csv,fromlaptop/BETS FOLDER ARCHIVE/bets/config/hockey/nhl/nhl_moneyline_juice.csv,-0.0132,819.0,333.0,486.0,0.0,-10.84000000000002,-0.0132,0.4066,0.0132,active_value = -historical_roi,negative ROI,True,True,False,Exact numeric match to sign-reversed historical ROI.
moneyline,140 to 149,140.0,149.0,home,home,underdog,0.1278,fromlaptop/BETS FOLDER ARCHIVE/bets/config/hockey/nhl/nhl_data_ml_bands.csv,fromlaptop/BETS FOLDER ARCHIVE/bets/config/hockey/nhl/nhl_moneyline_juice.csv,-0.1278,295.0,106.0,189.0,0.0,-37.690000000000005,-0.1278,0.3593,0.1278,active_value = -historical_roi,negative ROI,True,True,False,Exact numeric match to sign-reversed historical ROI.
moneyline,150 to 159,150.0,159.0,away,away,underdog,0.0421,fromlaptop/BETS FOLDER ARCHIVE/bets/config/hockey/nhl/nhl_data_ml_bands.csv,fromlaptop/BETS FOLDER ARCHIVE/bets/config/hockey/nhl/nhl_moneyline_juice.csv,-0.0421,731.0,277.0,454.0,0.0,-30.789999999999992,-0.0421,0.3789,0.0421,active_value = -historical_roi,negative ROI,True,True,False,Exact numeric match to sign-reversed historical ROI.
moneyline,150 to 159,150.0,159.0,home,home,underdog,0.1302,fromlaptop/BETS FOLDER ARCHIVE/bets/config/hockey/nhl/nhl_data_ml_bands.csv,fromlaptop/BETS FOLDER ARCHIVE/bets/config/hockey/nhl/nhl_moneyline_juice.csv,-0.1302,241.0,83.0,158.0,0.0,-31.38,-0.1302,0.3444,0.1302,active_value = -historical_roi,negative ROI,True,True,False,Exact numeric match to sign-reversed historical ROI.
moneyline,160 to 169,160.0,169.0,away,away,underdog,0.0208,fromlaptop/BETS FOLDER ARCHIVE/bets/config/hockey/nhl/nhl_data_ml_bands.csv,fromlaptop/BETS FOLDER ARCHIVE/bets/config/hockey/nhl/nhl_moneyline_juice.csv,-0.0208,525.0,196.0,329.0,0.0,-10.9,-0.0208,0.3733,0.0208,active_value = -historical_roi,negative ROI,True,True,False,Exact numeric match to sign-reversed historical ROI.
moneyline,160 to 169,160.0,169.0,home,home,underdog,0.0302,fromlaptop/BETS FOLDER ARCHIVE/bets/config/hockey/nhl/nhl_data_ml_bands.csv,fromlaptop/BETS FOLDER ARCHIVE/bets/config/hockey/nhl/nhl_moneyline_juice.csv,-0.0302,124.0,46.0,78.0,0.0,-3.749999999999998,-0.0302,0.371,0.0302,active_value = -historical_roi,negative ROI,True,True,False,Exact numeric match to sign-reversed historical ROI.
moneyline,170 to 179,170.0,179.0,away,away,underdog,0.0556,fromlaptop/BETS FOLDER ARCHIVE/bets/config/hockey/nhl/nhl_data_ml_bands.csv,fromlaptop/BETS FOLDER ARCHIVE/bets/config/hockey/nhl/nhl_moneyline_juice.csv,-0.0556,647.0,225.0,422.0,0.0,-35.96000000000001,-0.0556,0.3478,0.0556,active_value = -historical_roi,negative ROI,True,True,False,Exact numeric match to sign-reversed historical ROI.
moneyline,170 to 179,170.0,179.0,home,home,underdog,-0.1572,fromlaptop/BETS FOLDER ARCHIVE/bets/config/hockey/nhl/nhl_data_ml_bands.csv,fromlaptop/BETS FOLDER ARCHIVE/bets/config/hockey/nhl/nhl_moneyline_juice.csv,0.1572,101.0,43.0,58.0,0.0,15.88,0.1572,0.4257,-0.1572,active_value = -historical_roi,negative ROI,True,True,False,Exact numeric match to sign-reversed historical ROI.
moneyline,180 to 189,180.0,189.0,away,away,underdog,0.1465,fromlaptop/BETS FOLDER ARCHIVE/bets/config/hockey/nhl/nhl_data_ml_bands.csv,fromlaptop/BETS FOLDER ARCHIVE/bets/config/hockey/nhl/nhl_moneyline_juice.csv,-0.1465,320.0,97.0,223.0,0.0,-46.87,-0.1465,0.3031,0.1465,active_value = -historical_roi,negative ROI,True,True,False,Exact numeric match to sign-reversed historical ROI.
moneyline,180 to 189,180.0,189.0,home,home,underdog,-0.0042,fromlaptop/BETS FOLDER ARCHIVE/bets/config/hockey/nhl/nhl_data_ml_bands.csv,fromlaptop/BETS FOLDER ARCHIVE/bets/config/hockey/nhl/nhl_moneyline_juice.csv,0.0042,73.0,26.0,47.0,0.0,0.3100000000000011,0.0042,0.3562,-0.0042,active_value = -historical_roi,negative ROI,True,True,False,Exact numeric match to sign-reversed historical ROI.
moneyline,190 to 199,190.0,199.0,away,away,underdog,0.0999,fromlaptop/BETS FOLDER ARCHIVE/bets/config/hockey/nhl/nhl_data_ml_bands.csv,fromlaptop/BETS FOLDER ARCHIVE/bets/config/hockey/nhl/nhl_moneyline_juice.csv,-0.0999,353.0,109.0,244.0,0.0,-35.260000000000005,-0.0999,0.3088,0.0999,active_value = -historical_roi,negative ROI,True,True,False,Exact numeric match to sign-reversed historical ROI.
moneyline,190 to 199,190.0,199.0,home,home,underdog,0.3375,fromlaptop/BETS FOLDER ARCHIVE/bets/config/hockey/nhl/nhl_data_ml_bands.csv,fromlaptop/BETS FOLDER ARCHIVE/bets/config/hockey/nhl/nhl_moneyline_juice.csv,-0.3375,44.0,10.0,34.0,0.0,-14.85,-0.3375,0.2273,0.3375,active_value = -historical_roi,negative ROI,True,True,False,Exact numeric match to sign-reversed historical ROI.
moneyline,200 to 209,200.0,209.0,away,away,underdog,0.022,fromlaptop/BETS FOLDER ARCHIVE/bets/config/hockey/nhl/nhl_data_ml_bands.csv,fromlaptop/BETS FOLDER ARCHIVE/bets/config/hockey/nhl/nhl_moneyline_juice.csv,-0.022,210.0,68.0,142.0,0.0,-4.630000000000004,-0.022,0.3238,0.022,active_value = -historical_roi,negative ROI,True,True,False,Exact numeric match to sign-reversed historical ROI.
moneyline,200 to 209,200.0,209.0,home,home,underdog,0.1086,fromlaptop/BETS FOLDER ARCHIVE/bets/config/hockey/nhl/nhl_data_ml_bands.csv,fromlaptop/BETS FOLDER ARCHIVE/bets/config/hockey/nhl/nhl_moneyline_juice.csv,-0.1086,44.0,13.0,31.0,0.0,-4.780000000000001,-0.1086,0.2955,0.1086,active_value = -historical_roi,negative ROI,True,True,False,Exact numeric match to sign-reversed historical ROI.
moneyline,210 to 219,210.0,219.0,away,away,underdog,-0.0682,fromlaptop/BETS FOLDER ARCHIVE/bets/config/hockey/nhl/nhl_data_ml_bands.csv,fromlaptop/BETS FOLDER ARCHIVE/bets/config/hockey/nhl/nhl_moneyline_juice.csv,0.0682,195.0,67.0,128.0,0.0,13.290000000000004,0.0682,0.3436,-0.0682,active_value = -historical_roi,negative ROI,True,True,False,Exact numeric match to sign-reversed historical ROI.
moneyline,210 to 219,210.0,219.0,home,home,underdog,-0.093,fromlaptop/BETS FOLDER ARCHIVE/bets/config/hockey/nhl/nhl_data_ml_bands.csv,fromlaptop/BETS FOLDER ARCHIVE/bets/config/hockey/nhl/nhl_moneyline_juice.csv,0.093,40.0,14.0,26.0,0.0,3.72,0.093,0.35,-0.093,active_value = -historical_roi,negative ROI,True,True,False,Exact numeric match to sign-reversed historical ROI.
moneyline,220 to 229,220.0,229.0,away,away,underdog,0.0814,fromlaptop/BETS FOLDER ARCHIVE/bets/config/hockey/nhl/nhl_data_ml_bands.csv,fromlaptop/BETS FOLDER ARCHIVE/bets/config/hockey/nhl/nhl_moneyline_juice.csv,-0.0814,105.0,30.0,75.0,0.0,-8.549999999999997,-0.0814,0.2857,0.0814,active_value = -historical_roi,negative ROI,True,True,False,Exact numeric match to sign-reversed historical ROI.
moneyline,220 to 229,220.0,229.0,home,home,underdog,-0.7231,fromlaptop/BETS FOLDER ARCHIVE/bets/config/hockey/nhl/nhl_data_ml_bands.csv,fromlaptop/BETS FOLDER ARCHIVE/bets/config/hockey/nhl/nhl_moneyline_juice.csv,0.7231,13.0,7.0,6.0,0.0,9.400000000000002,0.7231,0.5385,-0.7231,active_value = -historical_roi,negative ROI,True,True,False,Exact numeric match to sign-reversed historical ROI.
moneyline,230 to 239,230.0,239.0,away,away,underdog,0.1549,fromlaptop/BETS FOLDER ARCHIVE/bets/config/hockey/nhl/nhl_data_ml_bands.csv,fromlaptop/BETS FOLDER ARCHIVE/bets/config/hockey/nhl/nhl_moneyline_juice.csv,-0.1549,102.0,26.0,76.0,0.0,-15.800000000000002,-0.1549,0.2549,0.1549,active_value = -historical_roi,negative ROI,True,True,False,Exact numeric match to sign-reversed historical ROI.
moneyline,230 to 239,230.0,239.0,home,home,underdog,-0.3225,fromlaptop/BETS FOLDER ARCHIVE/bets/config/hockey/nhl/nhl_data_ml_bands.csv,fromlaptop/BETS FOLDER ARCHIVE/bets/config/hockey/nhl/nhl_moneyline_juice.csv,0.3225,20.0,8.0,12.0,0.0,6.449999999999999,0.3225,0.4,-0.3225,active_value = -historical_roi,negative ROI,True,True,False,Exact numeric match to sign-reversed historical ROI.
moneyline,240 to 249,240.0,249.0,away,away,underdog,0.25,fromlaptop/BETS FOLDER ARCHIVE/bets/config/hockey/nhl/nhl_moneyline_juice.csv,fromlaptop/BETS FOLDER ARCHIVE/bets/config/hockey/nhl/nhl_moneyline_juice.csv,0.25,84.0,15.0,69.0,0.0,-32.75,-0.3899,0.1786,0.25,active_value = archived extra_juice; upstream derivation not demonstrated,unknown provenance,False,True,False,"Active value copies archived extra_juice, but no exact ROI/profit/win-rate/calibration transformation is supported by the located source metrics."
moneyline,240 to 249,240.0,249.0,home,home,underdog,0.1417,fromlaptop/BETS FOLDER ARCHIVE/bets/config/hockey/nhl/nhl_data_ml_bands.csv,fromlaptop/BETS FOLDER ARCHIVE/bets/config/hockey/nhl/nhl_moneyline_juice.csv,-0.1417,12.0,3.0,9.0,0.0,-1.6999999999999995,-0.1417,0.25,0.1417,active_value = -historical_roi,negative ROI,True,True,False,Exact numeric match to sign-reversed historical ROI.
moneyline,250 to 259,250.0,259.0,away,away,underdog,0.0479,fromlaptop/BETS FOLDER ARCHIVE/bets/config/hockey/nhl/nhl_data_ml_bands.csv,fromlaptop/BETS FOLDER ARCHIVE/bets/config/hockey/nhl/nhl_moneyline_juice.csv,-0.0479,48.0,13.0,35.0,0.0,-2.3000000000000007,-0.0479,0.2708,0.0479,active_value = -historical_roi,negative ROI,True,True,False,Exact numeric match to sign-reversed historical ROI.
moneyline,250 to 259,250.0,259.0,home,home,underdog,-0.25,fromlaptop/BETS FOLDER ARCHIVE/bets/config/hockey/nhl/nhl_moneyline_juice.csv,fromlaptop/BETS FOLDER ARCHIVE/bets/config/hockey/nhl/nhl_moneyline_juice.csv,-0.25,9.0,4.0,5.0,0.0,5.0,0.5556,0.4444,-0.25,active_value = archived extra_juice; upstream derivation not demonstrated,unknown provenance,False,True,False,"Active value copies archived extra_juice, but no exact ROI/profit/win-rate/calibration transformation is supported by the located source metrics."
moneyline,260 to 269,260.0,269.0,away,away,underdog,-0.1266,fromlaptop/BETS FOLDER ARCHIVE/bets/config/hockey/nhl/nhl_data_ml_bands.csv,fromlaptop/BETS FOLDER ARCHIVE/bets/config/hockey/nhl/nhl_moneyline_juice.csv,0.1266,32.0,10.0,22.0,0.0,4.050000000000001,0.1266,0.3125,-0.1266,active_value = -historical_roi,negative ROI,True,True,False,Exact numeric match to sign-reversed historical ROI.
moneyline,260 to 269,260.0,269.0,home,home,underdog,-0.2033,fromlaptop/BETS FOLDER ARCHIVE/bets/config/hockey/nhl/nhl_data_ml_bands.csv,fromlaptop/BETS FOLDER ARCHIVE/bets/config/hockey/nhl/nhl_moneyline_juice.csv,0.2033,12.0,4.0,8.0,0.0,2.4400000000000004,0.2033,0.3333,-0.2033,active_value = -historical_roi,negative ROI,True,True,False,Exact numeric match to sign-reversed historical ROI.
moneyline,270 to 279,270.0,279.0,away,away,underdog,-0.2027,fromlaptop/BETS FOLDER ARCHIVE/bets/config/hockey/nhl/nhl_data_ml_bands.csv,fromlaptop/BETS FOLDER ARCHIVE/bets/config/hockey/nhl/nhl_moneyline_juice.csv,0.2027,37.0,12.0,25.0,0.0,7.500000000000002,0.2027,0.3243,-0.2027,active_value = -historical_roi,negative ROI,True,True,False,Exact numeric match to sign-reversed historical ROI.
moneyline,270 to 279,270.0,279.0,home,home,underdog,-0.15,fromlaptop/BETS FOLDER ARCHIVE/bets/config/hockey/nhl/nhl_moneyline_juice.csv,fromlaptop/BETS FOLDER ARCHIVE/bets/config/hockey/nhl/nhl_moneyline_juice.csv,-0.15,2.0,0.0,2.0,0.0,-2.0,-1.0,0.0,-0.15,active_value = archived extra_juice; upstream derivation not demonstrated,unknown provenance,False,True,False,"Active value copies archived extra_juice, but no exact ROI/profit/win-rate/calibration transformation is supported by the located source metrics."
moneyline,280 to 289,280.0,289.0,away,away,underdog,0.3639,fromlaptop/BETS FOLDER ARCHIVE/bets/config/hockey/nhl/nhl_data_ml_bands.csv,fromlaptop/BETS FOLDER ARCHIVE/bets/config/hockey/nhl/nhl_moneyline_juice.csv,-0.3639,36.0,6.0,30.0,0.0,-13.1,-0.3639,0.1667,0.3639,active_value = -historical_roi,negative ROI,True,True,False,Exact numeric match to sign-reversed historical ROI.
moneyline,280 to 289,280.0,289.0,home,home,underdog,0.0375,fromlaptop/BETS FOLDER ARCHIVE/bets/config/hockey/nhl/nhl_data_ml_bands.csv,fromlaptop/BETS FOLDER ARCHIVE/bets/config/hockey/nhl/nhl_moneyline_juice.csv,-0.0375,4.0,1.0,3.0,0.0,-0.1499999999999999,-0.0375,0.25,,active_value = -historical_roi,negative ROI,True,True,False,Exact numeric match to sign-reversed historical ROI.
moneyline,290 to 299,290.0,299.0,away,away,underdog,-0.1396,fromlaptop/BETS FOLDER ARCHIVE/bets/config/hockey/nhl/nhl_data_ml_bands.csv,fromlaptop/BETS FOLDER ARCHIVE/bets/config/hockey/nhl/nhl_moneyline_juice.csv,0.1396,24.0,7.0,17.0,0.0,3.35,0.1396,0.2917,-0.1396,active_value = -historical_roi,negative ROI,True,True,False,Exact numeric match to sign-reversed historical ROI.
moneyline,290 to 299,290.0,299.0,home,home,underdog,-0.25,fromlaptop/BETS FOLDER ARCHIVE/bets/config/hockey/nhl/nhl_moneyline_juice.csv,fromlaptop/BETS FOLDER ARCHIVE/bets/config/hockey/nhl/nhl_moneyline_juice.csv,-0.25,3.0,2.0,1.0,0.0,4.8,1.6,0.6667,-0.25,active_value = archived extra_juice; upstream derivation not demonstrated,unknown provenance,False,True,False,"Active value copies archived extra_juice, but no exact ROI/profit/win-rate/calibration transformation is supported by the located source metrics."
moneyline,300 to 324,300.0,324.0,away,away,underdog,0.101,fromlaptop/BETS FOLDER ARCHIVE/bets/config/hockey/nhl/nhl_data_ml_bands.csv,fromlaptop/BETS FOLDER ARCHIVE/bets/config/hockey/nhl/nhl_moneyline_juice.csv,-0.101,50.0,11.0,39.0,0.0,-5.05,-0.101,0.22,0.101,active_value = -historical_roi,negative ROI,True,True,False,Exact numeric match to sign-reversed historical ROI.
moneyline,300 to 324,300.0,324.0,home,home,underdog,-0.2,fromlaptop/BETS FOLDER ARCHIVE/bets/config/hockey/nhl/nhl_data_ml_bands.csv,fromlaptop/BETS FOLDER ARCHIVE/bets/config/hockey/nhl/nhl_moneyline_juice.csv,0.2,7.0,2.0,5.0,0.0,1.4000000000000004,0.2,0.2857,-0.2,active_value = -historical_roi,negative ROI,True,True,False,Exact numeric match to sign-reversed historical ROI.
moneyline,325 to 349,325.0,349.0,away,away,underdog,0.3857,fromlaptop/BETS FOLDER ARCHIVE/bets/config/hockey/nhl/nhl_data_ml_bands.csv,fromlaptop/BETS FOLDER ARCHIVE/bets/config/hockey/nhl/nhl_moneyline_juice.csv,-0.3857,21.0,3.0,18.0,0.0,-8.100000000000001,-0.3857,0.1429,0.3857,active_value = -historical_roi,negative ROI,True,True,False,Exact numeric match to sign-reversed historical ROI.
moneyline,325 to 349,325.0,349.0,home,home,underdog,-0.25,fromlaptop/BETS FOLDER ARCHIVE/bets/config/hockey/nhl/nhl_moneyline_juice.csv,fromlaptop/BETS FOLDER ARCHIVE/bets/config/hockey/nhl/nhl_moneyline_juice.csv,-0.25,3.0,1.0,2.0,0.0,1.25,0.4167,0.3333,-0.25,active_value = archived extra_juice; upstream derivation not demonstrated,unknown provenance,False,True,False,"Active value copies archived extra_juice, but no exact ROI/profit/win-rate/calibration transformation is supported by the located source metrics."
moneyline,350 to 399,350.0,399.0,away,away,underdog,0.1523,fromlaptop/BETS FOLDER ARCHIVE/bets/config/hockey/nhl/nhl_data_ml_bands.csv,fromlaptop/BETS FOLDER ARCHIVE/bets/config/hockey/nhl/nhl_moneyline_juice.csv,-0.1523,22.0,4.0,18.0,0.0,-3.35,-0.1523,0.1818,0.1523,active_value = -historical_roi,negative ROI,True,True,False,Exact numeric match to sign-reversed historical ROI.
moneyline,350 to 399,350.0,399.0,home,home,underdog,-0.15,fromlaptop/BETS FOLDER ARCHIVE/bets/config/hockey/nhl/nhl_moneyline_juice.csv,fromlaptop/BETS FOLDER ARCHIVE/bets/config/hockey/nhl/nhl_moneyline_juice.csv,-0.15,2.0,0.0,2.0,0.0,-2.0,-1.0,0.0,-0.15,active_value = archived extra_juice; upstream derivation not demonstrated,unknown provenance,False,True,False,"Active value copies archived extra_juice, but no exact ROI/profit/win-rate/calibration transformation is supported by the located source metrics."
moneyline,400 to 449,400.0,449.0,away,away,underdog,-0.25,fromlaptop/BETS FOLDER ARCHIVE/bets/config/hockey/nhl/nhl_moneyline_juice.csv,fromlaptop/BETS FOLDER ARCHIVE/bets/config/hockey/nhl/nhl_moneyline_juice.csv,-0.25,6.0,2.0,4.0,0.0,4.25,0.7083,0.3333,-0.25,active_value = archived extra_juice; upstream derivation not demonstrated,unknown provenance,False,True,False,"Active value copies archived extra_juice, but no exact ROI/profit/win-rate/calibration transformation is supported by the located source metrics."
moneyline,400 to 449,400.0,449.0,home,home,underdog,-0.1,fromlaptop/BETS FOLDER ARCHIVE/bets/config/hockey/nhl/nhl_moneyline_juice.csv,fromlaptop/BETS FOLDER ARCHIVE/bets/config/hockey/nhl/nhl_moneyline_juice.csv,-0.1,,,,,,,,-0.1,active_value = archived extra_juice; upstream derivation not demonstrated,unknown provenance,False,True,False,"Active value copies archived extra_juice, but no exact ROI/profit/win-rate/calibration transformation is supported by the located source metrics."
moneyline,450 to 499,450.0,499.0,away,away,underdog,-0.2278,fromlaptop/BETS FOLDER ARCHIVE/bets/config/hockey/nhl/nhl_data_ml_bands.csv,fromlaptop/BETS FOLDER ARCHIVE/bets/config/hockey/nhl/nhl_moneyline_juice.csv,0.2278,9.0,2.0,7.0,0.0,2.05,0.2278,0.2222,-0.2278,active_value = -historical_roi,negative ROI,True,True,False,Exact numeric match to sign-reversed historical ROI.
moneyline,450 to 499,450.0,499.0,home,home,underdog,-0.1,fromlaptop/BETS FOLDER ARCHIVE/bets/config/hockey/nhl/nhl_moneyline_juice.csv,fromlaptop/BETS FOLDER ARCHIVE/bets/config/hockey/nhl/nhl_moneyline_juice.csv,-0.1,,,,,,,,-0.1,active_value = archived extra_juice; upstream derivation not demonstrated,unknown provenance,False,True,False,"Active value copies archived extra_juice, but no exact ROI/profit/win-rate/calibration transformation is supported by the located source metrics."
moneyline,500 to 599,500.0,599.0,away,away,underdog,-0.25,fromlaptop/BETS FOLDER ARCHIVE/bets/config/hockey/nhl/nhl_moneyline_juice.csv,fromlaptop/BETS FOLDER ARCHIVE/bets/config/hockey/nhl/nhl_moneyline_juice.csv,-0.25,2.0,0.0,2.0,0.0,-2.0,-1.0,0.0,-0.25,active_value = archived extra_juice; upstream derivation not demonstrated,unknown provenance,False,True,False,"Active value copies archived extra_juice, but no exact ROI/profit/win-rate/calibration transformation is supported by the located source metrics."
moneyline,500 to 599,500.0,599.0,home,home,underdog,-0.1,fromlaptop/BETS FOLDER ARCHIVE/bets/config/hockey/nhl/nhl_moneyline_juice.csv,fromlaptop/BETS FOLDER ARCHIVE/bets/config/hockey/nhl/nhl_moneyline_juice.csv,-0.1,,,,,,,,-0.1,active_value = archived extra_juice; upstream derivation not demonstrated,unknown provenance,False,True,False,"Active value copies archived extra_juice, but no exact ROI/profit/win-rate/calibration transformation is supported by the located source metrics."
puck_line,-1.5,-1.5,-1.5,away,away,favorite,-0.32,fromlaptop/BETS FOLDER ARCHIVE/bets/config/hockey/nhl/nhl_puck_line_juice.csv,fromlaptop/BETS FOLDER ARCHIVE/bets/config/hockey/nhl/nhl_puck_line_juice.csv,-0.32,3131.0,1042.0,2089.0,0.0,-1141.7272727272727,-0.3647,0.3328,-0.32,active_value = archived extra_juice; upstream derivation not demonstrated,unknown provenance,False,True,False,"Active value copies archived extra_juice, but no exact ROI/profit/win-rate/calibration transformation is supported by the located source metrics. Historical ROI=-0.3647; active=-0.3200. The values have related scale/sign in some rows but are not an exact supported transform."
puck_line,-1.5,-1.5,-1.5,home,home,favorite,-0.3,fromlaptop/BETS FOLDER ARCHIVE/bets/config/hockey/nhl/nhl_puck_line_juice.csv,fromlaptop/BETS FOLDER ARCHIVE/bets/config/hockey/nhl/nhl_puck_line_juice.csv,-0.3,7092.0,2539.0,4553.0,0.0,-2244.818181818182,-0.3165,0.358,-0.3,active_value = archived extra_juice; upstream derivation not demonstrated,unknown provenance,False,True,False,"Active value copies archived extra_juice, but no exact ROI/profit/win-rate/calibration transformation is supported by the located source metrics. Historical ROI=-0.3165; active=-0.3000. The values have related scale/sign in some rows but are not an exact supported transform."
puck_line,1.5,1.5,1.5,away,away,underdog,0.32,fromlaptop/BETS FOLDER ARCHIVE/bets/config/hockey/nhl/nhl_puck_line_juice.csv,fromlaptop/BETS FOLDER ARCHIVE/bets/config/hockey/nhl/nhl_puck_line_juice.csv,0.32,7097.0,4558.0,2539.0,0.0,1604.6363636363635,0.2261,0.6422,0.32,active_value = archived extra_juice; upstream derivation not demonstrated,unknown provenance,False,True,False,"Active value copies archived extra_juice, but no exact ROI/profit/win-rate/calibration transformation is supported by the located source metrics. Historical ROI=0.2261; active=0.3200. The values have related scale/sign in some rows but are not an exact supported transform."
puck_line,1.5,1.5,1.5,home,home,underdog,0.35,fromlaptop/BETS FOLDER ARCHIVE/bets/config/hockey/nhl/nhl_puck_line_juice.csv,fromlaptop/BETS FOLDER ARCHIVE/bets/config/hockey/nhl/nhl_puck_line_juice.csv,0.35,3129.0,2089.0,1040.0,0.0,859.090909090909,0.2746,0.6676,0.35,active_value = archived extra_juice; upstream derivation not demonstrated,unknown provenance,False,True,False,"Active value copies archived extra_juice, but no exact ROI/profit/win-rate/calibration transformation is supported by the located source metrics. Historical ROI=0.2746; active=0.3500. The values have related scale/sign in some rows but are not an exact supported transform."
total,5.5,5.5,5.5,over,,,-0.05,fromlaptop/BETS FOLDER ARCHIVE/bets/config/hockey/nhl/nhl_total_juice.csv,fromlaptop/BETS FOLDER ARCHIVE/bets/config/hockey/nhl/nhl_total_juice.csv,-0.05,9190.0,4512.0,,,-576.1818181818184,-0.0627,0.491,-0.05,active_value = archived extra_juice; upstream derivation not demonstrated,unknown provenance,False,True,False,"Active value copies archived extra_juice, but no exact ROI/profit/win-rate/calibration transformation is supported by the located source metrics. Historical aggregate band=5 to 5.5, ROI=-0.0627; active=-0.0500. No exact supported transform was found. Historical totals source omits separate losses/pushes, so those fields remain unavailable."
total,5.5,5.5,5.5,under,,,-0.02,fromlaptop/BETS FOLDER ARCHIVE/bets/config/hockey/nhl/nhl_total_juice.csv,fromlaptop/BETS FOLDER ARCHIVE/bets/config/hockey/nhl/nhl_total_juice.csv,-0.02,9190.0,4678.0,,,-259.2727272727274,-0.0282,0.509,-0.02,active_value = archived extra_juice; upstream derivation not demonstrated,unknown provenance,False,True,False,"Active value copies archived extra_juice, but no exact ROI/profit/win-rate/calibration transformation is supported by the located source metrics. Historical aggregate band=5 to 5.5, ROI=-0.0282; active=-0.0200. No exact supported transform was found. Historical totals source omits separate losses/pushes, so those fields remain unavailable."
total,6.0,6.0,6.0,over,,,-0.02,fromlaptop/BETS FOLDER ARCHIVE/bets/config/hockey/nhl/nhl_total_juice.csv,fromlaptop/BETS FOLDER ARCHIVE/bets/config/hockey/nhl/nhl_total_juice.csv,-0.02,3165.0,1619.0,,,-74.18181818181823,-0.0234,0.5115,-0.02,active_value = archived extra_juice; upstream derivation not demonstrated,unknown provenance,False,True,False,"Active value copies archived extra_juice, but no exact ROI/profit/win-rate/calibration transformation is supported by the located source metrics. Historical aggregate band=6 to 6.5, ROI=-0.0234; active=-0.0200. No exact supported transform was found. Historical totals source omits separate losses/pushes, so those fields remain unavailable."
total,6.0,6.0,6.0,under,,,-0.05,fromlaptop/BETS FOLDER ARCHIVE/bets/config/hockey/nhl/nhl_total_juice.csv,fromlaptop/BETS FOLDER ARCHIVE/bets/config/hockey/nhl/nhl_total_juice.csv,-0.05,3165.0,1546.0,,,-213.5454545454546,-0.0675,0.4885,-0.05,active_value = archived extra_juice; upstream derivation not demonstrated,unknown provenance,False,True,False,"Active value copies archived extra_juice, but no exact ROI/profit/win-rate/calibration transformation is supported by the located source metrics. Historical aggregate band=6 to 6.5, ROI=-0.0675; active=-0.0500. No exact supported transform was found. Historical totals source omits separate losses/pushes, so those fields remain unavailable."
total,6.5,6.5,6.5,over,,,-0.02,fromlaptop/BETS FOLDER ARCHIVE/bets/config/hockey/nhl/nhl_total_juice.csv,fromlaptop/BETS FOLDER ARCHIVE/bets/config/hockey/nhl/nhl_total_juice.csv,-0.02,3165.0,1619.0,,,-74.18181818181823,-0.0234,0.5115,-0.02,active_value = archived extra_juice; upstream derivation not demonstrated,unknown provenance,False,True,False,"Active value copies archived extra_juice, but no exact ROI/profit/win-rate/calibration transformation is supported by the located source metrics. Historical aggregate band=6 to 6.5, ROI=-0.0234; active=-0.0200. No exact supported transform was found. Historical totals source omits separate losses/pushes, so those fields remain unavailable."
total,6.5,6.5,6.5,under,,,-0.05,fromlaptop/BETS FOLDER ARCHIVE/bets/config/hockey/nhl/nhl_total_juice.csv,fromlaptop/BETS FOLDER ARCHIVE/bets/config/hockey/nhl/nhl_total_juice.csv,-0.05,3165.0,1546.0,,,-213.5454545454546,-0.0675,0.4885,-0.05,active_value = archived extra_juice; upstream derivation not demonstrated,unknown provenance,False,True,False,"Active value copies archived extra_juice, but no exact ROI/profit/win-rate/calibration transformation is supported by the located source metrics. Historical aggregate band=6 to 6.5, ROI=-0.0675; active=-0.0500. No exact supported transform was found. Historical totals source omits separate losses/pushes, so those fields remain unavailable."
total,7.0,7.0,7.0,over,,,-0.03,fromlaptop/BETS FOLDER ARCHIVE/bets/config/hockey/nhl/nhl_total_juice.csv,fromlaptop/BETS FOLDER ARCHIVE/bets/config/hockey/nhl/nhl_total_juice.csv,-0.03,45.0,22.0,,,-3.0000000000000004,-0.0667,0.4889,-0.03,active_value = archived extra_juice; upstream derivation not demonstrated,unknown provenance,False,True,False,"Active value copies archived extra_juice, but no exact ROI/profit/win-rate/calibration transformation is supported by the located source metrics. Historical aggregate band=7 to 100, ROI=-0.0667; active=-0.0300. No exact supported transform was found. Historical totals source omits separate losses/pushes, so those fields remain unavailable."
total,7.0,7.0,7.0,under,,,-0.02,fromlaptop/BETS FOLDER ARCHIVE/bets/config/hockey/nhl/nhl_total_juice.csv,fromlaptop/BETS FOLDER ARCHIVE/bets/config/hockey/nhl/nhl_total_juice.csv,-0.02,45.0,23.0,,,-1.090909090909091,-0.0242,0.5111,-0.02,active_value = archived extra_juice; upstream derivation not demonstrated,unknown provenance,False,True,False,"Active value copies archived extra_juice, but no exact ROI/profit/win-rate/calibration transformation is supported by the located source metrics. Historical aggregate band=7 to 100, ROI=-0.0242; active=-0.0200. No exact supported transform was found. Historical totals source omits separate losses/pushes, so those fields remain unavailable."
total,7.5,7.5,7.5,over,,,-0.03,fromlaptop/BETS FOLDER ARCHIVE/bets/config/hockey/nhl/nhl_totals_bands.csv,fromlaptop/BETS FOLDER ARCHIVE/bets/config/hockey/nhl/nhl_total_juice.csv,,45.0,22.0,,,-3.0000000000000004,-0.0667,0.4889,,no supported mathematical transformation located,unknown provenance,False,True,False,"No exact supported derivation located in the requested historical source directory. Historical aggregate band=7 to 100, ROI=-0.0667; active=-0.0300. No exact supported transform was found. No matching archived extra_juice row exists for this exact active total line. Historical totals source omits separate losses/pushes, so those fields remain unavailable."
total,7.5,7.5,7.5,under,,,-0.02,fromlaptop/BETS FOLDER ARCHIVE/bets/config/hockey/nhl/nhl_totals_bands.csv,fromlaptop/BETS FOLDER ARCHIVE/bets/config/hockey/nhl/nhl_total_juice.csv,,45.0,23.0,,,-1.090909090909091,-0.0242,0.5111,,no supported mathematical transformation located,unknown provenance,False,True,False,"No exact supported derivation located in the requested historical source directory. Historical aggregate band=7 to 100, ROI=-0.0242; active=-0.0200. No exact supported transform was found. No matching archived extra_juice row exists for this exact active total line. Historical totals source omits separate losses/pushes, so those fields remain unavailable."
