source,method,period,fold,probability_type,bucket,sample_size,mean_probability,realized_rate,calibration_gap
meta,direct_multinomial,development_validation,1,unconditional_over,"(0.3, 0.4]",11,0.367865437226607,0.36363636363636365,-0.004229073590243326
meta,direct_multinomial,development_validation,1,unconditional_over,"(0.4, 0.5]",69,0.45647381386963454,0.463768115942029,0.007294302072394454
meta,direct_multinomial,development_validation,1,unconditional_over,"(0.5, 0.6]",72,0.5433261288577886,0.4722222222222222,-0.07110390663556643
meta,direct_multinomial,development_validation,1,unconditional_over,"(0.6, 0.7]",8,0.6258122262511763,0.375,-0.2508122262511763
meta,direct_multinomial,development_validation,2,unconditional_over,"(0.3, 0.4]",6,0.3788037600685814,0.5,0.12119623993141859
meta,direct_multinomial,development_validation,2,unconditional_over,"(0.4, 0.5]",91,0.45485641547165084,0.5054945054945055,0.05063809002285463
meta,direct_multinomial,development_validation,2,unconditional_over,"(0.5, 0.6]",66,0.527632002604324,0.5909090909090909,0.06327708830476697
meta,direct_multinomial,development_validation,3,unconditional_over,"(0.3, 0.4]",6,0.3943180558694433,0.8333333333333334,0.4390152774638901
meta,direct_multinomial,development_validation,3,unconditional_over,"(0.4, 0.5]",83,0.45496883521723547,0.4819277108433735,0.026958875626138024
meta,direct_multinomial,development_validation,3,unconditional_over,"(0.5, 0.6]",58,0.5379295035062316,0.5517241379310345,0.013794634424802887
meta,direct_multinomial,development_validation,3,unconditional_over,"(0.6, 0.7]",3,0.6152816208794475,1.0,0.3847183791205525
meta,direct_multinomial,development_validation,4,unconditional_over,"(0.4, 0.5]",18,0.4598108784660478,0.4444444444444444,-0.01536643402160337
meta,direct_multinomial,development_validation,4,unconditional_over,"(0.5, 0.6]",136,0.5464075485312868,0.4411764705882353,-0.10523107794305153
meta,direct_multinomial,development_validation,4,unconditional_over,"(0.6, 0.7]",4,0.6136077025539887,1.0,0.38639229744601133
meta,empirical_residual,development_validation,1,unconditional_over,"(0.3, 0.4]",11,0.3540405970514446,0.5454545454545454,0.19141394840310083
meta,empirical_residual,development_validation,1,unconditional_over,"(0.4, 0.5]",72,0.46147019990367927,0.4444444444444444,-0.017025755459234848
meta,empirical_residual,development_validation,1,unconditional_over,"(0.5, 0.6]",74,0.5467370536600628,0.4594594594594595,-0.08727759420060327
meta,empirical_residual,development_validation,1,unconditional_over,"(0.6, 0.7]",3,0.624467178175618,0.3333333333333333,-0.2911338448422847
meta,empirical_residual,development_validation,2,unconditional_over,"(0.3, 0.4]",11,0.3675100964312206,0.6363636363636364,0.26885353993241573
meta,empirical_residual,development_validation,2,unconditional_over,"(0.4, 0.5]",103,0.45788748108402955,0.4854368932038835,0.027549412119853955
meta,empirical_residual,development_validation,2,unconditional_over,"(0.5, 0.6]",49,0.5385375745255264,0.6326530612244898,0.09411548669896341
meta,empirical_residual,development_validation,3,unconditional_over,"(0.3, 0.4]",7,0.38898330500849754,0.8571428571428571,0.46815955213435956
meta,empirical_residual,development_validation,3,unconditional_over,"(0.4, 0.5]",113,0.4622965444220629,0.48672566371681414,0.024429119294751223
meta,empirical_residual,development_validation,3,unconditional_over,"(0.5, 0.6]",29,0.5399758368635454,0.6206896551724138,0.08071381830886837
meta,empirical_residual,development_validation,3,unconditional_over,"(0.6, 0.7]",1,0.6365546218487395,1.0,0.36344537815126055
meta,empirical_residual,development_validation,4,unconditional_over,"(0.4, 0.5]",95,0.47592113436988753,0.4,-0.07592113436988751
meta,empirical_residual,development_validation,4,unconditional_over,"(0.5, 0.6]",63,0.5642177395649618,0.5396825396825397,-0.024535199882422143
meta,negative_binomial,development_validation,1,unconditional_over,"(0.3, 0.4]",28,0.37514485958875265,0.5357142857142857,0.16056942612553304
meta,negative_binomial,development_validation,1,unconditional_over,"(0.4, 0.5]",76,0.45006795966715063,0.4342105263157895,-0.01585743335136114
meta,negative_binomial,development_validation,1,unconditional_over,"(0.5, 0.6]",50,0.5467444825718699,0.44,-0.10674448257186991
meta,negative_binomial,development_validation,1,unconditional_over,"(0.6, 0.7]",6,0.6152184956087653,0.5,-0.11521849560876529
meta,negative_binomial,development_validation,2,unconditional_over,"(0.3, 0.4]",35,0.37628806071299364,0.5142857142857142,0.1379976535727206
meta,negative_binomial,development_validation,2,unconditional_over,"(0.4, 0.5]",87,0.44385255646146154,0.5057471264367817,0.06189456997532011
meta,negative_binomial,development_validation,2,unconditional_over,"(0.5, 0.6]",40,0.5519829489903767,0.65,0.09801705100962332
meta,negative_binomial,development_validation,2,unconditional_over,"(0.6, 0.7]",1,0.6029518101307122,0.0,-0.6029518101307122
meta,negative_binomial,development_validation,3,unconditional_over,"(0.3, 0.4]",34,0.38358044757591825,0.5,0.11641955242408175
meta,negative_binomial,development_validation,3,unconditional_over,"(0.4, 0.5]",96,0.4396350300418859,0.5104166666666666,0.07078163662478071
meta,negative_binomial,development_validation,3,unconditional_over,"(0.5, 0.6]",19,0.5573798842874734,0.6842105263157895,0.12683064202831607
meta,negative_binomial,development_validation,3,unconditional_over,"(0.6, 0.7]",1,0.6407367386065008,1.0,0.3592632613934992
meta,negative_binomial,development_validation,4,unconditional_over,"(0.3, 0.4]",6,0.3923383963985949,0.5,0.10766160360140509
meta,negative_binomial,development_validation,4,unconditional_over,"(0.4, 0.5]",93,0.44577563443249585,0.40860215053763443,-0.037173483894861414
meta,negative_binomial,development_validation,4,unconditional_over,"(0.5, 0.6]",50,0.5670658380462109,0.56,-0.007065838046210859
meta,negative_binomial,development_validation,4,unconditional_over,"(0.6, 0.7]",9,0.6076431302012261,0.3333333333333333,-0.27430979686789275
meta,poisson,development_validation,1,unconditional_over,"(0.3, 0.4]",28,0.37512719115734094,0.5357142857142857,0.16058709455694475
meta,poisson,development_validation,1,unconditional_over,"(0.4, 0.5]",76,0.4501280533292849,0.4342105263157895,-0.015917527013495414
meta,poisson,development_validation,1,unconditional_over,"(0.5, 0.6]",50,0.5469001854404333,0.44,-0.10690018544043328
meta,poisson,development_validation,1,unconditional_over,"(0.6, 0.7]",6,0.6154408105222181,0.5,-0.1154408105222181
meta,poisson,development_validation,2,unconditional_over,"(0.3, 0.4]",35,0.3762712679978568,0.5142857142857142,0.13801444628785742
meta,poisson,development_validation,2,unconditional_over,"(0.4, 0.5]",87,0.44390549333241647,0.5057471264367817,0.06184163310436519
meta,poisson,development_validation,2,unconditional_over,"(0.5, 0.6]",40,0.5521435453131842,0.65,0.09785645468681581
meta,poisson,development_validation,2,unconditional_over,"(0.6, 0.7]",1,0.6031620989881117,0.0,-0.6031620989881117
meta,poisson,development_validation,3,unconditional_over,"(0.3, 0.4]",34,0.3835706007259916,0.5,0.11642939927400842
meta,poisson,development_validation,3,unconditional_over,"(0.4, 0.5]",96,0.43968377836118644,0.5104166666666666,0.07073288830548019
meta,poisson,development_validation,3,unconditional_over,"(0.5, 0.6]",19,0.5575451652005147,0.6842105263157895,0.12666536111527482
meta,poisson,development_validation,3,unconditional_over,"(0.6, 0.7]",1,0.6409837770119688,1.0,0.35901622298803115
meta,poisson,development_validation,4,unconditional_over,"(0.3, 0.4]",6,0.3923370976812786,0.5,0.10766290231872139
meta,poisson,development_validation,4,unconditional_over,"(0.4, 0.5]",93,0.44583086606722794,0.40860215053763443,-0.037228715529593503
meta,poisson,development_validation,4,unconditional_over,"(0.5, 0.6]",50,0.5672408918027441,0.56,-0.0072408918027440095
meta,poisson,development_validation,4,unconditional_over,"(0.6, 0.7]",9,0.6078580287905897,0.3333333333333333,-0.2745246954572564
meta,poisson_simulation,development_validation,1,unconditional_over,"(0.3, 0.4]",28,0.37516725778964116,0.5,0.12483274221035884
meta,poisson_simulation,development_validation,1,unconditional_over,"(0.4, 0.5]",75,0.4491425403146236,0.44,-0.009142540314623582
meta,poisson_simulation,development_validation,1,unconditional_over,"(0.5, 0.6]",51,0.5446918547244599,0.45098039215686275,-0.09371146256759716
meta,poisson_simulation,development_validation,1,unconditional_over,"(0.6, 0.7]",6,0.6179764047190562,0.5,-0.11797640471905624
meta,poisson_simulation,development_validation,2,unconditional_over,"(0.3, 0.4]",32,0.3756147026118119,0.53125,0.1556352973881881
meta,poisson_simulation,development_validation,2,unconditional_over,"(0.4, 0.5]",87,0.44045691040473917,0.4942528735632184,0.05379596315847923
meta,poisson_simulation,development_validation,2,unconditional_over,"(0.5, 0.6]",42,0.5480760476630342,0.6190476190476191,0.07097157138458488
meta,poisson_simulation,development_validation,2,unconditional_over,"(0.6, 0.7]",2,0.6031793641271745,1.0,0.39682063587282546
meta,poisson_simulation,development_validation,3,unconditional_over,"(0.3, 0.4]",30,0.3812935733357178,0.5333333333333333,0.15203975999761554
meta,poisson_simulation,development_validation,3,unconditional_over,"(0.4, 0.5]",100,0.438587891339057,0.5,0.06141210866094299
meta,poisson_simulation,development_validation,3,unconditional_over,"(0.5, 0.6]",19,0.5563887222555488,0.6842105263157895,0.12782180406024068
meta,poisson_simulation,development_validation,3,unconditional_over,"(0.6, 0.7]",1,0.6387722455508899,1.0,0.36122775444911015
meta,poisson_simulation,development_validation,4,unconditional_over,"(0.3, 0.4]",6,0.39135592022519883,0.5,0.10864407977480117
meta,poisson_simulation,development_validation,4,unconditional_over,"(0.4, 0.5]",93,0.4460206253991812,0.40860215053763443,-0.03741847486154676
meta,poisson_simulation,development_validation,4,unconditional_over,"(0.5, 0.6]",51,0.5695194294474438,0.5490196078431373,-0.020499821604306523
meta,poisson_simulation,development_validation,4,unconditional_over,"(0.6, 0.7]",8,0.6125274945010998,0.375,-0.23752749450109978
sdv,direct_multinomial,development_validation,1,unconditional_over,"(0.3, 0.4]",9,0.3742986795497766,0.3333333333333333,-0.040965346216443266
sdv,direct_multinomial,development_validation,1,unconditional_over,"(0.4, 0.5]",61,0.45558500687710984,0.4918032786885246,0.03621827181141474
sdv,direct_multinomial,development_validation,1,unconditional_over,"(0.5, 0.6]",78,0.5390146423887302,0.44871794871794873,-0.09029669367078147
sdv,direct_multinomial,development_validation,1,unconditional_over,"(0.6, 0.7]",12,0.6159600740024878,0.4166666666666667,-0.19929340733582107
sdv,direct_multinomial,development_validation,2,unconditional_over,"(0.3, 0.4]",5,0.37774243550805575,0.4,0.02225756449194427
sdv,direct_multinomial,development_validation,2,unconditional_over,"(0.4, 0.5]",92,0.4553198597213738,0.5108695652173914,0.055549705496017565
sdv,direct_multinomial,development_validation,2,unconditional_over,"(0.5, 0.6]",66,0.5257937826980355,0.5909090909090909,0.06511530821105549
sdv,direct_multinomial,development_validation,3,unconditional_over,"(0.3, 0.4]",6,0.395473591856853,0.8333333333333334,0.4378597414764804
sdv,direct_multinomial,development_validation,3,unconditional_over,"(0.4, 0.5]",83,0.45530690354774883,0.4819277108433735,0.02662080729562466
sdv,direct_multinomial,development_validation,3,unconditional_over,"(0.5, 0.6]",59,0.5387838564644132,0.559322033898305,0.020538177433891858
sdv,direct_multinomial,development_validation,3,unconditional_over,"(0.6, 0.7]",2,0.6220985688479196,1.0,0.3779014311520804
sdv,direct_multinomial,development_validation,4,unconditional_over,"(0.4, 0.5]",22,0.46247186560894027,0.4090909090909091,-0.05338095651803115
sdv,direct_multinomial,development_validation,4,unconditional_over,"(0.5, 0.6]",130,0.5452689843549963,0.43846153846153846,-0.10680744589345781
sdv,direct_multinomial,development_validation,4,unconditional_over,"(0.6, 0.7]",6,0.614759882657833,1.0,0.385240117342167
sdv,empirical_residual,development_validation,1,unconditional_over,"(0.3, 0.4]",1,0.39208173690932313,1.0,0.6079182630906769
sdv,empirical_residual,development_validation,1,unconditional_over,"(0.4, 0.5]",96,0.4725253794671292,0.4375,-0.03502537946712919
sdv,empirical_residual,development_validation,1,unconditional_over,"(0.5, 0.6]",63,0.5541844183209775,0.47619047619047616,-0.07799394213050137
sdv,empirical_residual,development_validation,2,unconditional_over,"(0.3, 0.4]",5,0.37987307343608345,0.4,0.02012692656391657
sdv,empirical_residual,development_validation,2,unconditional_over,"(0.4, 0.5]",113,0.458637554331319,0.504424778761062,0.04578722442974298
sdv,empirical_residual,development_validation,2,unconditional_over,"(0.5, 0.6]",45,0.5414397150011783,0.6444444444444445,0.10300472944326622
sdv,empirical_residual,development_validation,3,unconditional_over,"(0.3, 0.4]",9,0.3865173781198974,0.7777777777777778,0.3912603996578804
sdv,empirical_residual,development_validation,3,unconditional_over,"(0.4, 0.5]",110,0.4623785146096099,0.4909090909090909,0.028530576299481025
sdv,empirical_residual,development_validation,3,unconditional_over,"(0.5, 0.6]",30,0.5389815735018058,0.6,0.06101842649819422
sdv,empirical_residual,development_validation,3,unconditional_over,"(0.6, 0.7]",1,0.6477591036414566,1.0,0.3522408963585434
sdv,empirical_residual,development_validation,4,unconditional_over,"(0.3, 0.4]",2,0.368421052631579,0.5,0.13157894736842102
sdv,empirical_residual,development_validation,4,unconditional_over,"(0.4, 0.5]",86,0.4735090551052148,0.3953488372093023,-0.07816021789591249
sdv,empirical_residual,development_validation,4,unconditional_over,"(0.5, 0.6]",69,0.5561007112184648,0.5217391304347826,-0.03436158078368223
sdv,empirical_residual,development_validation,4,unconditional_over,"(0.6, 0.7]",1,0.6232638888888888,1.0,0.37673611111111116
sdv,negative_binomial,development_validation,1,unconditional_over,"(0.1, 0.2]",89,0.16978030376288866,0.43820224719101125,0.2684219434281226
sdv,negative_binomial,development_validation,1,unconditional_over,"(0.2, 0.3]",71,0.24050579966223484,0.4788732394366197,0.23836743977438485
sdv,negative_binomial,development_validation,2,unconditional_over,"(0.1, 0.2]",108,0.16803565950913363,0.5,0.33196434049086637
sdv,negative_binomial,development_validation,2,unconditional_over,"(0.2, 0.3]",55,0.24076589082702354,0.6181818181818182,0.3774159273547946
sdv,negative_binomial,development_validation,3,unconditional_over,"(0.1, 0.2]",110,0.1610059922345943,0.509090909090909,0.3480849168563147
sdv,negative_binomial,development_validation,3,unconditional_over,"(0.2, 0.3]",39,0.22858488565287752,0.5897435897435898,0.36115870409071227
sdv,negative_binomial,development_validation,3,unconditional_over,"(0.3, 0.4]",1,0.3271260262197603,1.0,0.6728739737802397
sdv,negative_binomial,development_validation,4,unconditional_over,"(0.1, 0.2]",83,0.17071123272641706,0.3855421686746988,0.21483093594828176
sdv,negative_binomial,development_validation,4,unconditional_over,"(0.2, 0.3]",73,0.24133501156400652,0.5342465753424658,0.2929115637784593
sdv,negative_binomial,development_validation,4,unconditional_over,"(0.3, 0.4]",2,0.3084043799938555,0.5,0.1915956200061445
sdv,poisson,development_validation,1,unconditional_over,"(-0.001, 0.1]",2,0.09556046835095972,0.5,0.4044395316490403
sdv,poisson,development_validation,1,unconditional_over,"(0.1, 0.2]",115,0.1506386105872993,0.46956521739130436,0.3189266068040051
sdv,poisson,development_validation,1,unconditional_over,"(0.2, 0.3]",43,0.2385074044503039,0.4186046511627907,0.1800972467124868
sdv,poisson,development_validation,2,unconditional_over,"(-0.001, 0.1]",5,0.0957930721177164,0.4,0.30420692788228365
sdv,poisson,development_validation,2,unconditional_over,"(0.1, 0.2]",122,0.14675136498738717,0.5081967213114754,0.36144535632408825
sdv,poisson,development_validation,2,unconditional_over,"(0.2, 0.3]",36,0.2371622605978699,0.6666666666666666,0.4295044060687967
sdv,poisson,development_validation,3,unconditional_over,"(-0.001, 0.1]",8,0.09569387462525403,0.75,0.654306125374746
sdv,poisson,development_validation,3,unconditional_over,"(0.1, 0.2]",125,0.14240651052088363,0.496,0.3535934894791164
sdv,poisson,development_validation,3,unconditional_over,"(0.2, 0.3]",16,0.23350386374439627,0.6875,0.45399613625560375
sdv,poisson,development_validation,3,unconditional_over,"(0.3, 0.4]",1,0.31854859493975685,1.0,0.6814514050602432
sdv,poisson,development_validation,4,unconditional_over,"(-0.001, 0.1]",4,0.09400679579525131,0.5,0.4059932042047487
sdv,poisson,development_validation,4,unconditional_over,"(0.1, 0.2]",105,0.15061145241524482,0.4095238095238095,0.2589123571085647
sdv,poisson,development_validation,4,unconditional_over,"(0.2, 0.3]",48,0.23905015980633162,0.5416666666666666,0.30261650686033503
sdv,poisson,development_validation,4,unconditional_over,"(0.3, 0.4]",1,0.30303344725084935,1.0,0.6969665527491506
sdv,poisson_simulation,development_validation,1,unconditional_over,"(-0.001, 0.1]",3,0.09153920490519511,0.6666666666666666,0.5751274617614716
sdv,poisson_simulation,development_validation,1,unconditional_over,"(0.1, 0.2]",115,0.1508255997158235,0.4608695652173913,0.3100439655015678
sdv,poisson_simulation,development_validation,1,unconditional_over,"(0.2, 0.3]",42,0.23974252768493923,0.42857142857142855,0.18882890088648932
sdv,poisson_simulation,development_validation,2,unconditional_over,"(-0.001, 0.1]",5,0.09283215035489353,0.4,0.30716784964510646
sdv,poisson_simulation,development_validation,2,unconditional_over,"(0.1, 0.2]",121,0.14614128835593976,0.512396694214876,0.36625540585893623
sdv,poisson_simulation,development_validation,2,unconditional_over,"(0.2, 0.3]",37,0.23703583434716283,0.6486486486486487,0.4116128143014859
sdv,poisson_simulation,development_validation,3,unconditional_over,"(-0.001, 0.1]",8,0.09474657602719185,0.75,0.6552534239728082
sdv,poisson_simulation,development_validation,3,unconditional_over,"(0.1, 0.2]",126,0.14236980258826373,0.5079365079365079,0.3655667053482442
sdv,poisson_simulation,development_validation,3,unconditional_over,"(0.2, 0.3]",15,0.2359981041213864,0.6,0.3640018958786136
sdv,poisson_simulation,development_validation,3,unconditional_over,"(0.3, 0.4]",1,0.3112377524495101,1.0,0.68876224755049
sdv,poisson_simulation,development_validation,4,unconditional_over,"(-0.001, 0.1]",4,0.09197240827751675,0.5,0.40802759172248326
sdv,poisson_simulation,development_validation,4,unconditional_over,"(0.1, 0.2]",104,0.14956332196137384,0.41346153846153844,0.2638982165001646
sdv,poisson_simulation,development_validation,4,unconditional_over,"(0.2, 0.3]",49,0.23836661239180734,0.5306122448979592,0.2922456325061519
sdv,poisson_simulation,development_validation,4,unconditional_over,"(0.3, 0.4]",1,0.3026394721055789,1.0,0.697360527894421
weighted,direct_multinomial,development_validation,1,unconditional_over,"(0.3, 0.4]",4,0.3913676995235046,0.75,0.3586323004764954
weighted,direct_multinomial,development_validation,1,unconditional_over,"(0.4, 0.5]",96,0.4623387053407358,0.4791666666666667,0.016827961325930896
weighted,direct_multinomial,development_validation,1,unconditional_over,"(0.5, 0.6]",60,0.5308224594978197,0.4,-0.13082245949781968
weighted,direct_multinomial,development_validation,2,unconditional_over,"(0.4, 0.5]",146,0.47502862786313554,0.5205479452054794,0.04551931734234388
weighted,direct_multinomial,development_validation,2,unconditional_over,"(0.5, 0.6]",17,0.5094082654382216,0.7058823529411765,0.19647408750295492
weighted,direct_multinomial,development_validation,3,unconditional_over,"(0.4, 0.5]",98,0.47682159841836486,0.4897959183673469,0.012974319948982072
weighted,direct_multinomial,development_validation,3,unconditional_over,"(0.5, 0.6]",52,0.5408252872595606,0.6153846153846154,0.07455932812505484
weighted,direct_multinomial,development_validation,4,unconditional_over,"(0.4, 0.5]",25,0.47567293667268457,0.48,0.004327063327315417
weighted,direct_multinomial,development_validation,4,unconditional_over,"(0.5, 0.6]",133,0.5542877988506301,0.45112781954887216,-0.10315997930175791
weighted,empirical_residual,development_validation,1,unconditional_over,"(0.3, 0.4]",1,0.384418901660281,0.0,-0.384418901660281
weighted,empirical_residual,development_validation,1,unconditional_over,"(0.4, 0.5]",92,0.4720181646886133,0.45652173913043476,-0.01549642555817854
weighted,empirical_residual,development_validation,1,unconditional_over,"(0.5, 0.6]",65,0.5498498362683917,0.46153846153846156,-0.08831137472993011
weighted,empirical_residual,development_validation,1,unconditional_over,"(0.6, 0.7]",2,0.6445012787723785,0.5,-0.1445012787723785
weighted,empirical_residual,development_validation,2,unconditional_over,"(0.3, 0.4]",5,0.39075249320036265,0.6,0.20924750679963733
weighted,empirical_residual,development_validation,2,unconditional_over,"(0.4, 0.5]",107,0.4550104751575249,0.4953271028037383,0.04031662764621341
weighted,empirical_residual,development_validation,2,unconditional_over,"(0.5, 0.6]",51,0.5313415024802226,0.6274509803921569,0.09610947791193425
weighted,empirical_residual,development_validation,3,unconditional_over,"(0.3, 0.4]",3,0.38185211103335664,0.6666666666666666,0.28481455563331
weighted,empirical_residual,development_validation,3,unconditional_over,"(0.4, 0.5]",109,0.45774753362802106,0.5229357798165137,0.06518824618849267
weighted,empirical_residual,development_validation,3,unconditional_over,"(0.5, 0.6]",38,0.5350864554875023,0.5526315789473685,0.01754512345986614
weighted,empirical_residual,development_validation,4,unconditional_over,"(0.3, 0.4]",1,0.3973395026026605,1.0,0.6026604973973395
weighted,empirical_residual,development_validation,4,unconditional_over,"(0.4, 0.5]",55,0.4735655974142816,0.4,-0.07356559741428159
weighted,empirical_residual,development_validation,4,unconditional_over,"(0.5, 0.6]",98,0.543272810055839,0.45918367346938777,-0.08408913658645129
weighted,empirical_residual,development_validation,4,unconditional_over,"(0.6, 0.7]",4,0.6111111111111112,1.0,0.38888888888888884
weighted,negative_binomial,development_validation,1,unconditional_over,"(0.3, 0.4]",43,0.3764497097470469,0.5116279069767442,0.13517819722969732
weighted,negative_binomial,development_validation,1,unconditional_over,"(0.4, 0.5]",75,0.4419166888116831,0.41333333333333333,-0.02858335547834978
weighted,negative_binomial,development_validation,1,unconditional_over,"(0.5, 0.6]",40,0.534097851215752,0.475,-0.05909785121575206
weighted,negative_binomial,development_validation,1,unconditional_over,"(0.6, 0.7]",2,0.6160071949793555,0.5,-0.11600719497935552
weighted,negative_binomial,development_validation,2,unconditional_over,"(0.3, 0.4]",57,0.37233647098081274,0.45614035087719296,0.08380387989638022
weighted,negative_binomial,development_validation,2,unconditional_over,"(0.4, 0.5]",79,0.44210424887458005,0.5949367088607594,0.1528324599861794
weighted,negative_binomial,development_validation,2,unconditional_over,"(0.5, 0.6]",27,0.5263621431380857,0.5555555555555556,0.029193412417469866
weighted,negative_binomial,development_validation,3,unconditional_over,"(0.3, 0.4]",63,0.3656629897015015,0.5396825396825397,0.17401954998103814
weighted,negative_binomial,development_validation,3,unconditional_over,"(0.4, 0.5]",77,0.44407162897374197,0.5064935064935064,0.06242187751976447
weighted,negative_binomial,development_validation,3,unconditional_over,"(0.5, 0.6]",10,0.5233951771024556,0.7,0.1766048228975443
weighted,negative_binomial,development_validation,4,unconditional_over,"(0.3, 0.4]",23,0.37690956667123154,0.21739130434782608,-0.15951826232340546
weighted,negative_binomial,development_validation,4,unconditional_over,"(0.4, 0.5]",81,0.44143131031381005,0.48148148148148145,0.0400501711676714
weighted,negative_binomial,development_validation,4,unconditional_over,"(0.5, 0.6]",54,0.5388467536838997,0.5185185185185185,-0.02032823516538118
weighted,poisson,development_validation,1,unconditional_over,"(0.3, 0.4]",43,0.37643314142399664,0.5116279069767442,0.13519476555274756
weighted,poisson,development_validation,1,unconditional_over,"(0.4, 0.5]",75,0.4419670116225735,0.41333333333333333,-0.028633678289240183
weighted,poisson,development_validation,1,unconditional_over,"(0.5, 0.6]",40,0.5342397561764216,0.475,-0.05923975617642163
weighted,poisson,development_validation,1,unconditional_over,"(0.6, 0.7]",2,0.6162303220286102,0.5,-0.11623032202861017
weighted,poisson,development_validation,2,unconditional_over,"(0.3, 0.4]",57,0.37231588955432016,0.45614035087719296,0.0838244613228728
weighted,poisson,development_validation,2,unconditional_over,"(0.4, 0.5]",79,0.442154672138978,0.5949367088607594,0.15278203672178142
weighted,poisson,development_validation,2,unconditional_over,"(0.5, 0.6]",27,0.5264961272022548,0.5555555555555556,0.029059428353300776
weighted,poisson,development_validation,3,unconditional_over,"(0.3, 0.4]",63,0.36563616456205633,0.5396825396825397,0.17404637512048332
weighted,poisson,development_validation,3,unconditional_over,"(0.4, 0.5]",77,0.44412423826802316,0.5064935064935064,0.062369268225483276
weighted,poisson,development_validation,3,unconditional_over,"(0.5, 0.6]",10,0.5235293304818153,0.7,0.1764706695181847
weighted,poisson,development_validation,4,unconditional_over,"(0.3, 0.4]",23,0.3768933521695802,0.21739130434782608,-0.15950204782175412
weighted,poisson,development_validation,4,unconditional_over,"(0.4, 0.5]",81,0.4414813966173019,0.48148148148148145,0.04000008486417955
weighted,poisson,development_validation,4,unconditional_over,"(0.5, 0.6]",54,0.5389945830791324,0.5185185185185185,-0.020476064560613905
weighted,poisson_simulation,development_validation,1,unconditional_over,"(0.3, 0.4]",41,0.3757100382919103,0.4878048780487805,0.11209483975687018
weighted,poisson_simulation,development_validation,1,unconditional_over,"(0.4, 0.5]",74,0.43802887455126205,0.44594594594594594,0.007917071394683894
weighted,poisson_simulation,development_validation,1,unconditional_over,"(0.5, 0.6]",43,0.5334758616885109,0.4418604651162791,-0.09161539657223183
weighted,poisson_simulation,development_validation,1,unconditional_over,"(0.6, 0.7]",2,0.6107778444311138,0.5,-0.11077784443111383
weighted,poisson_simulation,development_validation,2,unconditional_over,"(0.3, 0.4]",58,0.3704281761000524,0.46551724137931033,0.09508906527925792
weighted,poisson_simulation,development_validation,2,unconditional_over,"(0.4, 0.5]",78,0.4425522644941043,0.5769230769230769,0.13437081242897259
weighted,poisson_simulation,development_validation,2,unconditional_over,"(0.5, 0.6]",27,0.525992940858883,0.5925925925925926,0.06659965173370952
weighted,poisson_simulation,development_validation,3,unconditional_over,"(0.3, 0.4]",65,0.36534543490028537,0.5384615384615384,0.17311610356125307
weighted,poisson_simulation,development_validation,3,unconditional_over,"(0.4, 0.5]",71,0.44251923594355014,0.49295774647887325,0.05043851053532311
weighted,poisson_simulation,development_validation,3,unconditional_over,"(0.5, 0.6]",14,0.5208386894049762,0.7142857142857143,0.19344702488073806
weighted,poisson_simulation,development_validation,4,unconditional_over,"(0.3, 0.4]",26,0.3789270575817396,0.34615384615384615,-0.03277321142789347
weighted,poisson_simulation,development_validation,4,unconditional_over,"(0.4, 0.5]",78,0.4426798638918777,0.44871794871794873,0.006038084826071044
weighted,poisson_simulation,development_validation,4,unconditional_over,"(0.5, 0.6]",54,0.5380442430032513,0.5185185185185185,-0.019525724484732776
meta,direct_multinomial,development_validation,1,unconditional_under,"(0.2, 0.3]",3,0.29111772313319917,0.6666666666666666,0.37554894353346746
meta,direct_multinomial,development_validation,1,unconditional_under,"(0.3, 0.4]",38,0.361908062259002,0.5,0.13809193774099798
meta,direct_multinomial,development_validation,1,unconditional_under,"(0.4, 0.5]",87,0.4496543071223156,0.45977011494252873,0.010115807820213152
meta,direct_multinomial,development_validation,1,unconditional_under,"(0.5, 0.6]",29,0.5367895974612064,0.5517241379310345,0.014934540469828117
meta,direct_multinomial,development_validation,1,unconditional_under,"(0.6, 0.7]",3,0.6374700912786944,1.0,0.36252990872130564
meta,direct_multinomial,development_validation,2,unconditional_under,"(0.3, 0.4]",24,0.3780064099783413,0.375,-0.0030064099783412845
meta,direct_multinomial,development_validation,2,unconditional_under,"(0.4, 0.5]",107,0.44824943150115415,0.3925233644859813,-0.05572606701517285
meta,direct_multinomial,development_validation,2,unconditional_under,"(0.5, 0.6]",32,0.5384820541572047,0.40625,-0.13223205415720474
meta,direct_multinomial,development_validation,3,unconditional_under,"(0.3, 0.4]",18,0.38452089944524087,0.4444444444444444,0.05992354499920355
meta,direct_multinomial,development_validation,3,unconditional_under,"(0.4, 0.5]",121,0.4501291885654814,0.4214876033057851,-0.02864158525969629
meta,direct_multinomial,development_validation,3,unconditional_under,"(0.5, 0.6]",11,0.5183143335187825,0.2727272727272727,-0.24558706079150983
meta,direct_multinomial,development_validation,4,unconditional_under,"(0.3, 0.4]",4,0.3863922974450113,0.0,-0.3863922974450113
meta,direct_multinomial,development_validation,4,unconditional_under,"(0.4, 0.5]",154,0.4484419106464018,0.5324675324675324,0.0840256218211306
meta,empirical_residual,development_validation,1,unconditional_under,"(0.2, 0.3]",5,0.27203065134099613,0.6,0.32796934865900385
meta,empirical_residual,development_validation,1,unconditional_under,"(0.3, 0.4]",33,0.3644152869099219,0.5151515151515151,0.15073622824159322
meta,empirical_residual,development_validation,1,unconditional_under,"(0.4, 0.5]",113,0.44037524878026024,0.48672566371681414,0.046350414936553896
meta,empirical_residual,development_validation,1,unconditional_under,"(0.5, 0.6]",8,0.5195012787723785,0.5,-0.019501278772378505
meta,empirical_residual,development_validation,1,unconditional_under,"(0.6, 0.7]",1,0.6483375959079284,1.0,0.3516624040920716
meta,empirical_residual,development_validation,2,unconditional_under,"(0.2, 0.3]",1,0.2946509519492294,0.0,-0.2946509519492294
meta,empirical_residual,development_validation,2,unconditional_under,"(0.3, 0.4]",19,0.3684210526315789,0.42105263157894735,0.05263157894736842
meta,empirical_residual,development_validation,2,unconditional_under,"(0.4, 0.5]",132,0.44811436927950543,0.4015151515151515,-0.04659921776435394
meta,empirical_residual,development_validation,2,unconditional_under,"(0.5, 0.6]",11,0.5328328658637189,0.2727272727272727,-0.2601055931364462
meta,empirical_residual,development_validation,3,unconditional_under,"(0.3, 0.4]",11,0.37746443446645156,0.5454545454545454,0.16799011098809385
meta,empirical_residual,development_validation,3,unconditional_under,"(0.4, 0.5]",115,0.4406174055711675,0.4,-0.0406174055711675
meta,empirical_residual,development_validation,3,unconditional_under,"(0.5, 0.6]",24,0.5308706816059757,0.4166666666666667,-0.11420401493930904
meta,empirical_residual,development_validation,4,unconditional_under,"(0.4, 0.5]",88,0.4334445441558929,0.4318181818181818,-0.0016263623377110736
meta,empirical_residual,development_validation,4,unconditional_under,"(0.5, 0.6]",70,0.5224867724867727,0.6285714285714286,0.10608465608465589
meta,negative_binomial,development_validation,1,unconditional_under,"(0.3, 0.4]",43,0.3692083488553894,0.5116279069767442,0.14241955812135482
meta,negative_binomial,development_validation,1,unconditional_under,"(0.4, 0.5]",97,0.4436449733044871,0.4948453608247423,0.051200387520255186
meta,negative_binomial,development_validation,1,unconditional_under,"(0.5, 0.6]",19,0.5311719723733522,0.47368421052631576,-0.05748776184703647
meta,negative_binomial,development_validation,1,unconditional_under,"(0.6, 0.7]",1,0.6547443952214496,1.0,0.34525560477855044
meta,negative_binomial,development_validation,2,unconditional_under,"(0.3, 0.4]",40,0.3804270453814098,0.4,0.01957295461859021
meta,negative_binomial,development_validation,2,unconditional_under,"(0.4, 0.5]",106,0.4408461972172192,0.4056603773584906,-0.035185819858728595
meta,negative_binomial,development_validation,2,unconditional_under,"(0.5, 0.6]",15,0.5328934267711202,0.3333333333333333,-0.19956009343778686
meta,negative_binomial,development_validation,2,unconditional_under,"(0.6, 0.7]",2,0.6126960193394303,0.0,-0.6126960193394303
meta,negative_binomial,development_validation,3,unconditional_under,"(0.3, 0.4]",23,0.3768071146915137,0.391304347826087,0.014497233134573295
meta,negative_binomial,development_validation,3,unconditional_under,"(0.4, 0.5]",96,0.43660058372897287,0.4166666666666667,-0.019933917062306183
meta,negative_binomial,development_validation,3,unconditional_under,"(0.5, 0.6]",28,0.5469058331507372,0.42857142857142855,-0.1183344045793086
meta,negative_binomial,development_validation,3,unconditional_under,"(0.6, 0.7]",3,0.6073086553924069,0.3333333333333333,-0.27397532205907354
meta,negative_binomial,development_validation,4,unconditional_under,"(0.3, 0.4]",19,0.3891668451694855,0.47368421052631576,0.08451736535683024
meta,negative_binomial,development_validation,4,unconditional_under,"(0.4, 0.5]",65,0.431428465061656,0.4307692307692308,-0.0006592342924252037
meta,negative_binomial,development_validation,4,unconditional_under,"(0.5, 0.6]",74,0.5532816038285145,0.6081081081081081,0.05482650427959357
meta,poisson,development_validation,1,unconditional_under,"(0.3, 0.4]",43,0.36897113826338956,0.5116279069767442,0.14265676871335464
meta,poisson,development_validation,1,unconditional_under,"(0.4, 0.5]",97,0.4434810701803685,0.4948453608247423,0.05136429064437381
meta,poisson,development_validation,1,unconditional_under,"(0.5, 0.6]",19,0.5310929194369751,0.47368421052631576,-0.057408708910659356
meta,poisson,development_validation,1,unconditional_under,"(0.6, 0.7]",1,0.6547903694966604,1.0,0.34520963050333964
meta,poisson,development_validation,2,unconditional_under,"(0.3, 0.4]",40,0.3802005607122346,0.4,0.019799439287765397
meta,poisson,development_validation,2,unconditional_under,"(0.4, 0.5]",106,0.4406794083964473,0.4056603773584906,-0.03501903103795673
meta,poisson,development_validation,2,unconditional_under,"(0.5, 0.6]",15,0.5328175248311775,0.3333333333333333,-0.1994841914978442
meta,poisson,development_validation,2,unconditional_under,"(0.6, 0.7]",2,0.6127023517834684,0.0,-0.6127023517834684
meta,poisson,development_validation,3,unconditional_under,"(0.3, 0.4]",23,0.37657704902592276,0.391304347826087,0.014727298800164212
meta,poisson,development_validation,3,unconditional_under,"(0.4, 0.5]",96,0.43642972641477473,0.4166666666666667,-0.019763059748108047
meta,poisson,development_validation,3,unconditional_under,"(0.5, 0.6]",28,0.5468423400293162,0.42857142857142855,-0.11827091145788765
meta,poisson,development_validation,3,unconditional_under,"(0.6, 0.7]",3,0.6073096033795915,0.3333333333333333,-0.2739762700462582
meta,poisson,development_validation,4,unconditional_under,"(0.3, 0.4]",19,0.3889488073383907,0.47368421052631576,0.08473540318792505
meta,poisson,development_validation,4,unconditional_under,"(0.4, 0.5]",65,0.4312520486155806,0.4307692307692308,-0.0004828178463497923
meta,poisson,development_validation,4,unconditional_under,"(0.5, 0.6]",74,0.5532253205458844,0.6081081081081081,0.054882787562223756
meta,poisson_simulation,development_validation,1,unconditional_under,"(0.3, 0.4]",42,0.368575837109752,0.5476190476190477,0.17904321050929567
meta,poisson_simulation,development_validation,1,unconditional_under,"(0.4, 0.5]",100,0.44526523666575296,0.48,0.03473476333424702
meta,poisson_simulation,development_validation,1,unconditional_under,"(0.5, 0.6]",17,0.5326110266476617,0.47058823529411764,-0.06202279135354405
meta,poisson_simulation,development_validation,1,unconditional_under,"(0.6, 0.7]",1,0.6537692461507699,1.0,0.3462307538492301
meta,poisson_simulation,development_validation,2,unconditional_under,"(0.3, 0.4]",39,0.3792139118297119,0.3333333333333333,-0.04588057849637861
meta,poisson_simulation,development_validation,2,unconditional_under,"(0.4, 0.5]",108,0.4405224751088749,0.4166666666666667,-0.023855808442208193
meta,poisson_simulation,development_validation,2,unconditional_under,"(0.5, 0.6]",14,0.5386279023026032,0.42857142857142855,-0.11005647373117461
meta,poisson_simulation,development_validation,2,unconditional_under,"(0.6, 0.7]",2,0.6180763847230554,0.0,-0.6180763847230554
meta,poisson_simulation,development_validation,3,unconditional_under,"(0.3, 0.4]",24,0.37795478534670623,0.4583333333333333,0.08037854798662708
meta,poisson_simulation,development_validation,3,unconditional_under,"(0.4, 0.5]",95,0.4361632863975304,0.4,-0.03616328639753036
meta,poisson_simulation,development_validation,3,unconditional_under,"(0.5, 0.6]",30,0.5510764513763914,0.43333333333333335,-0.11774311804305804
meta,poisson_simulation,development_validation,3,unconditional_under,"(0.6, 0.7]",1,0.6115776844631075,0.0,-0.6115776844631075
meta,poisson_simulation,development_validation,4,unconditional_under,"(0.3, 0.4]",20,0.3864695580328101,0.5,0.11353044196718992
meta,poisson_simulation,development_validation,4,unconditional_under,"(0.4, 0.5]",64,0.43035832142403874,0.421875,-0.008483321424038737
meta,poisson_simulation,development_validation,4,unconditional_under,"(0.5, 0.6]",73,0.5531318393855476,0.6027397260273972,0.049607886641849674
meta,poisson_simulation,development_validation,4,unconditional_under,"(0.6, 0.7]",1,0.600379924015197,1.0,0.399620075984803
sdv,direct_multinomial,development_validation,1,unconditional_under,"(0.3, 0.4]",52,0.36670709287817904,0.5192307692307693,0.15252367635259023
sdv,direct_multinomial,development_validation,1,unconditional_under,"(0.4, 0.5]",84,0.4523390023316878,0.47619047619047616,0.023851473858788386
sdv,direct_multinomial,development_validation,1,unconditional_under,"(0.5, 0.6]",21,0.5421013200363399,0.47619047619047616,-0.06591084384586376
sdv,direct_multinomial,development_validation,1,unconditional_under,"(0.6, 0.7]",3,0.639002873737505,1.0,0.360997126262495
sdv,direct_multinomial,development_validation,2,unconditional_under,"(0.3, 0.4]",22,0.378666673663842,0.36363636363636365,-0.015030310027478344
sdv,direct_multinomial,development_validation,2,unconditional_under,"(0.4, 0.5]",110,0.447921881251397,0.39090909090909093,-0.05701279034230605
sdv,direct_multinomial,development_validation,2,unconditional_under,"(0.5, 0.6]",31,0.5380429368720365,0.41935483870967744,-0.11868809816235909
sdv,direct_multinomial,development_validation,3,unconditional_under,"(0.3, 0.4]",17,0.38397648574989945,0.47058823529411764,0.08661174954421819
sdv,direct_multinomial,development_validation,3,unconditional_under,"(0.4, 0.5]",122,0.44955782009387524,0.4180327868852459,-0.031525033208629316
sdv,direct_multinomial,development_validation,3,unconditional_under,"(0.5, 0.6]",11,0.5177916262704305,0.2727272727272727,-0.2450643535431578
sdv,direct_multinomial,development_validation,4,unconditional_under,"(0.3, 0.4]",11,0.39107210476529075,0.18181818181818182,-0.20925392294710893
sdv,direct_multinomial,development_validation,4,unconditional_under,"(0.4, 0.5]",143,0.45155842759718134,0.5384615384615384,0.08690311086435709
sdv,direct_multinomial,development_validation,4,unconditional_under,"(0.5, 0.6]",4,0.5061405064263753,0.75,0.24385949357362469
sdv,empirical_residual,development_validation,1,unconditional_under,"(0.3, 0.4]",14,0.37401933953658084,0.5,0.12598066046341916
sdv,empirical_residual,development_validation,1,unconditional_under,"(0.4, 0.5]",136,0.43433660908876587,0.5,0.06566339091123413
sdv,empirical_residual,development_validation,1,unconditional_under,"(0.5, 0.6]",10,0.521227621483376,0.5,-0.02122762148337598
sdv,empirical_residual,development_validation,2,unconditional_under,"(0.3, 0.4]",9,0.3712098317719351,0.3333333333333333,-0.0378764984386018
sdv,empirical_residual,development_validation,2,unconditional_under,"(0.4, 0.5]",143,0.44769598327458177,0.40559440559440557,-0.042101577680176194
sdv,empirical_residual,development_validation,2,unconditional_under,"(0.5, 0.6]",11,0.5339877907935984,0.2727272727272727,-0.26126051806632566
sdv,empirical_residual,development_validation,3,unconditional_under,"(0.3, 0.4]",12,0.37265874976069263,0.5,0.12734125023930737
sdv,empirical_residual,development_validation,3,unconditional_under,"(0.4, 0.5]",114,0.44116152839046807,0.40350877192982454,-0.03765275646064353
sdv,empirical_residual,development_validation,3,unconditional_under,"(0.5, 0.6]",24,0.5300536881419234,0.4166666666666667,-0.11338702147525676
sdv,empirical_residual,development_validation,4,unconditional_under,"(0.3, 0.4]",6,0.39178491768952295,0.3333333333333333,-0.058451584356189634
sdv,empirical_residual,development_validation,4,unconditional_under,"(0.4, 0.5]",89,0.4410786845089772,0.449438202247191,0.008359517738213806
sdv,empirical_residual,development_validation,4,unconditional_under,"(0.5, 0.6]",63,0.5245168283362729,0.6349206349206349,0.110403806584362
sdv,negative_binomial,development_validation,1,unconditional_under,"(0.6, 0.7]",24,0.6858945471968889,0.5416666666666666,-0.14422788053022229
sdv,negative_binomial,development_validation,1,unconditional_under,"(0.7, 0.8]",125,0.7427436081761898,0.48,-0.2627436081761898
sdv,negative_binomial,development_validation,1,unconditional_under,"(0.8, 0.9]",11,0.8192160611554751,0.6363636363636364,-0.18285242479183872
sdv,negative_binomial,development_validation,2,unconditional_under,"(0.6, 0.7]",22,0.6860241896027053,0.36363636363636365,-0.32238782596634163
sdv,negative_binomial,development_validation,2,unconditional_under,"(0.7, 0.8]",131,0.740898685443255,0.40458015267175573,-0.33631853277149926
sdv,negative_binomial,development_validation,2,unconditional_under,"(0.8, 0.9]",10,0.8199286535282688,0.3,-0.5199286535282688
sdv,negative_binomial,development_validation,3,unconditional_under,"(0.6, 0.7]",17,0.6850508654683958,0.47058823529411764,-0.21446263017427813
sdv,negative_binomial,development_validation,3,unconditional_under,"(0.7, 0.8]",111,0.7496526737565155,0.3963963963963964,-0.35325627736011905
sdv,negative_binomial,development_validation,3,unconditional_under,"(0.8, 0.9]",22,0.8268080016305693,0.45454545454545453,-0.3722625470851148
sdv,negative_binomial,development_validation,4,unconditional_under,"(0.6, 0.7]",8,0.6923619785361204,0.375,-0.31736197853612036
sdv,negative_binomial,development_validation,4,unconditional_under,"(0.7, 0.8]",90,0.7548917151590313,0.4444444444444444,-0.3104472707145869
sdv,negative_binomial,development_validation,4,unconditional_under,"(0.8, 0.9]",60,0.8268344005541205,0.65,-0.17683440055412047
sdv,poisson,development_validation,1,unconditional_under,"(0.6, 0.7]",13,0.6879193688434087,0.5384615384615384,-0.14945783038187022
sdv,poisson,development_validation,1,unconditional_under,"(0.7, 0.8]",120,0.7512821137773564,0.5083333333333333,-0.24294878044402313
sdv,poisson,development_validation,1,unconditional_under,"(0.8, 0.9]",27,0.8251040822633543,0.4444444444444444,-0.3806596378189099
sdv,poisson,development_validation,2,unconditional_under,"(0.6, 0.7]",11,0.6861102868854011,0.36363636363636365,-0.32247392324903745
sdv,poisson,development_validation,2,unconditional_under,"(0.7, 0.8]",129,0.7498723337809812,0.40310077519379844,-0.3467715585871827
sdv,poisson,development_validation,2,unconditional_under,"(0.8, 0.9]",23,0.8275195442298291,0.34782608695652173,-0.47969345727330737
sdv,poisson,development_validation,3,unconditional_under,"(0.6, 0.7]",11,0.6888508002455203,0.5454545454545454,-0.14339625479097484
sdv,poisson,development_validation,3,unconditional_under,"(0.7, 0.8]",96,0.7570224880395791,0.4166666666666667,-0.34035582137291237
sdv,poisson,development_validation,3,unconditional_under,"(0.8, 0.9]",43,0.834186502810299,0.37209302325581395,-0.4620934795544851
sdv,poisson,development_validation,4,unconditional_under,"(0.6, 0.7]",1,0.6969665527491506,0.0,-0.6969665527491506
sdv,poisson,development_validation,4,unconditional_under,"(0.7, 0.8]",68,0.7537307885264712,0.4117647058823529,-0.3419660826441183
sdv,poisson,development_validation,4,unconditional_under,"(0.8, 0.9]",89,0.8452272734966049,0.6067415730337079,-0.23848570046289697
sdv,poisson_simulation,development_validation,1,unconditional_under,"(0.6, 0.7]",11,0.6852035298501359,0.45454545454545453,-0.23065807530468135
sdv,poisson_simulation,development_validation,1,unconditional_under,"(0.7, 0.8]",120,0.7496400503297654,0.5166666666666667,-0.23297338366309872
sdv,poisson_simulation,development_validation,1,unconditional_under,"(0.8, 0.9]",29,0.8259126589433549,0.4482758620689655,-0.37763679687438934
sdv,poisson_simulation,development_validation,2,unconditional_under,"(0.6, 0.7]",10,0.683295011496551,0.4,-0.283295011496551
sdv,poisson_simulation,development_validation,2,unconditional_under,"(0.7, 0.8]",130,0.7494947133659421,0.4076923076923077,-0.3418024056736344
sdv,poisson_simulation,development_validation,2,unconditional_under,"(0.8, 0.9]",23,0.8274473823141741,0.30434782608695654,-0.5230995562272176
sdv,poisson_simulation,development_validation,3,unconditional_under,"(0.6, 0.7]",7,0.6842188595171098,0.2857142857142857,-0.3985045738028241
sdv,poisson_simulation,development_validation,3,unconditional_under,"(0.7, 0.8]",99,0.7544925052455036,0.45454545454545453,-0.29994705070004907
sdv,poisson_simulation,development_validation,3,unconditional_under,"(0.8, 0.9]",44,0.833977608884174,0.3409090909090909,-0.49306851797508316
sdv,poisson_simulation,development_validation,4,unconditional_under,"(0.6, 0.7]",2,0.6986252804422621,0.0,-0.6986252804422621
sdv,poisson_simulation,development_validation,4,unconditional_under,"(0.7, 0.8]",68,0.7547049415116535,0.4264705882352941,-0.32823435327635936
sdv,poisson_simulation,development_validation,4,unconditional_under,"(0.8, 0.9]",88,0.8471009622155617,0.6022727272727273,-0.24482823494283446
weighted,direct_multinomial,development_validation,1,unconditional_under,"(0.3, 0.4]",14,0.39158228780455745,0.5,0.10841771219544255
weighted,direct_multinomial,development_validation,1,unconditional_under,"(0.4, 0.5]",120,0.44204818478472385,0.5166666666666667,0.07461848188194287
weighted,direct_multinomial,development_validation,1,unconditional_under,"(0.5, 0.6]",23,0.5364854928083705,0.4782608695652174,-0.05822462324315314
weighted,direct_multinomial,development_validation,1,unconditional_under,"(0.6, 0.7]",3,0.6091397411163513,0.0,-0.6091397411163513
weighted,direct_multinomial,development_validation,2,unconditional_under,"(0.3, 0.4]",3,0.39337830882718056,0.3333333333333333,-0.06004497549384724
weighted,direct_multinomial,development_validation,2,unconditional_under,"(0.4, 0.5]",121,0.44109837043886163,0.4049586776859504,-0.036139692752911234
weighted,direct_multinomial,development_validation,2,unconditional_under,"(0.5, 0.6]",39,0.5161607057066427,0.358974358974359,-0.15718634673228377
weighted,direct_multinomial,development_validation,3,unconditional_under,"(0.3, 0.4]",3,0.3956005474069242,0.3333333333333333,-0.06226721407359087
weighted,direct_multinomial,development_validation,3,unconditional_under,"(0.4, 0.5]",147,0.4376650098882188,0.41496598639455784,-0.022699023493660986
weighted,direct_multinomial,development_validation,4,unconditional_under,"(0.4, 0.5]",157,0.4430041253759482,0.5222929936305732,0.07928886825462506
weighted,direct_multinomial,development_validation,4,unconditional_under,"(0.5, 0.6]",1,0.500600249909371,0.0,-0.500600249909371
weighted,empirical_residual,development_validation,1,unconditional_under,"(0.2, 0.3]",1,0.2720306513409962,1.0,0.7279693486590038
weighted,empirical_residual,development_validation,1,unconditional_under,"(0.3, 0.4]",19,0.3714264298879112,0.5263157894736842,0.154889359585773
weighted,empirical_residual,development_validation,1,unconditional_under,"(0.4, 0.5]",131,0.4362394839101928,0.48854961832061067,0.052310134410417874
weighted,empirical_residual,development_validation,1,unconditional_under,"(0.5, 0.6]",9,0.522165387894288,0.5555555555555556,0.03339016766126757
weighted,empirical_residual,development_validation,2,unconditional_under,"(0.2, 0.3]",1,0.28195829555757024,0.0,-0.28195829555757024
weighted,empirical_residual,development_validation,2,unconditional_under,"(0.3, 0.4]",9,0.3611362949531581,0.5555555555555556,0.1944192606023975
weighted,empirical_residual,development_validation,2,unconditional_under,"(0.4, 0.5]",145,0.45119858980823485,0.3931034482758621,-0.058095141532372774
weighted,empirical_residual,development_validation,2,unconditional_under,"(0.5, 0.6]",8,0.5260889292196007,0.25,-0.2760889292196007
weighted,empirical_residual,development_validation,3,unconditional_under,"(0.3, 0.4]",10,0.3617914625612316,0.6,0.23820853743876835
weighted,empirical_residual,development_validation,3,unconditional_under,"(0.4, 0.5]",123,0.4436255684748426,0.4146341463414634,-0.028991422133379185
weighted,empirical_residual,development_validation,3,unconditional_under,"(0.5, 0.6]",17,0.516847915636843,0.29411764705882354,-0.22273026857801942
weighted,empirical_residual,development_validation,4,unconditional_under,"(0.3, 0.4]",10,0.38805989332305124,0.2,-0.18805989332305123
weighted,empirical_residual,development_validation,4,unconditional_under,"(0.4, 0.5]",113,0.4508297727906485,0.5132743362831859,0.06244456349253735
weighted,empirical_residual,development_validation,4,unconditional_under,"(0.5, 0.6]",35,0.5222718253968254,0.6285714285714286,0.10629960317460319
weighted,negative_binomial,development_validation,1,unconditional_under,"(0.3, 0.4]",15,0.3835845964453395,0.5333333333333333,0.14974873688799384
weighted,negative_binomial,development_validation,1,unconditional_under,"(0.4, 0.5]",118,0.4495658978481762,0.4915254237288136,0.041959525880637394
weighted,negative_binomial,development_validation,1,unconditional_under,"(0.5, 0.6]",26,0.5345986213885224,0.5,-0.03459862138852243
weighted,negative_binomial,development_validation,1,unconditional_under,"(0.6, 0.7]",1,0.6654456039581391,1.0,0.3345543960418609
weighted,negative_binomial,development_validation,2,unconditional_under,"(0.3, 0.4]",12,0.3818978378834437,0.4166666666666667,0.03476882878322296
weighted,negative_binomial,development_validation,2,unconditional_under,"(0.4, 0.5]",121,0.45251576312695896,0.4297520661157025,-0.022763697011256467
weighted,negative_binomial,development_validation,2,unconditional_under,"(0.5, 0.6]",29,0.5265590049905051,0.20689655172413793,-0.3196624532663672
weighted,negative_binomial,development_validation,2,unconditional_under,"(0.6, 0.7]",1,0.6063028365309684,1.0,0.3936971634690316
weighted,negative_binomial,development_validation,3,unconditional_under,"(0.3, 0.4]",7,0.38489530417771306,0.5714285714285714,0.18653326725085834
weighted,negative_binomial,development_validation,3,unconditional_under,"(0.4, 0.5]",97,0.45533304267982705,0.4020618556701031,-0.05327118700972394
weighted,negative_binomial,development_validation,3,unconditional_under,"(0.5, 0.6]",44,0.5371322352787702,0.4318181818181818,-0.10531405346058836
weighted,negative_binomial,development_validation,3,unconditional_under,"(0.6, 0.7]",2,0.6111162538686163,0.0,-0.6111162538686163
weighted,negative_binomial,development_validation,4,unconditional_under,"(0.3, 0.4]",1,0.3959520276246647,0.0,-0.3959520276246647
weighted,negative_binomial,development_validation,4,unconditional_under,"(0.4, 0.5]",77,0.4554103461052049,0.45454545454545453,-0.0008648915597503914
weighted,negative_binomial,development_validation,4,unconditional_under,"(0.5, 0.6]",69,0.5539635890333157,0.5362318840579711,-0.017731704975344598
weighted,negative_binomial,development_validation,4,unconditional_under,"(0.6, 0.7]",11,0.6173839828072165,0.9090909090909091,0.29170692628369255
weighted,poisson,development_validation,1,unconditional_under,"(0.3, 0.4]",15,0.38336112782782084,0.5333333333333333,0.1499722055055125
weighted,poisson,development_validation,1,unconditional_under,"(0.4, 0.5]",118,0.4494079747912789,0.4915254237288136,0.04211744893753466
weighted,poisson,development_validation,1,unconditional_under,"(0.5, 0.6]",26,0.5345244582858522,0.5,-0.034524458285852155
weighted,poisson,development_validation,1,unconditional_under,"(0.6, 0.7]",1,0.6655009334460571,1.0,0.3344990665539429
weighted,poisson,development_validation,2,unconditional_under,"(0.3, 0.4]",12,0.3816727476120347,0.4166666666666667,0.034993919054632006
weighted,poisson,development_validation,2,unconditional_under,"(0.4, 0.5]",121,0.45236089929660894,0.4297520661157025,-0.02260883318090645
weighted,poisson,development_validation,2,unconditional_under,"(0.5, 0.6]",29,0.5264767982249674,0.20689655172413793,-0.3195802465008295
weighted,poisson,development_validation,2,unconditional_under,"(0.6, 0.7]",1,0.6063027824125913,1.0,0.3936972175874087
weighted,poisson,development_validation,3,unconditional_under,"(0.3, 0.4]",7,0.3846730937057564,0.5714285714285714,0.18675547772281498
weighted,poisson,development_validation,3,unconditional_under,"(0.4, 0.5]",97,0.45518071852716474,0.4020618556701031,-0.05311886285706163
weighted,poisson,development_validation,3,unconditional_under,"(0.5, 0.6]",44,0.5370604598916929,0.4318181818181818,-0.10524227807351111
weighted,poisson,development_validation,3,unconditional_under,"(0.6, 0.7]",2,0.6111209923945586,0.0,-0.6111209923945586
weighted,poisson,development_validation,4,unconditional_under,"(0.3, 0.4]",1,0.39574065447621365,0.0,-0.39574065447621365
weighted,poisson,development_validation,4,unconditional_under,"(0.4, 0.5]",77,0.45525726913862974,0.45454545454545453,-0.0007118145931752085
weighted,poisson,development_validation,4,unconditional_under,"(0.5, 0.6]",69,0.5539086757585076,0.5362318840579711,-0.017676791700536487
weighted,poisson,development_validation,4,unconditional_under,"(0.6, 0.7]",11,0.6173948336239199,0.9090909090909091,0.29169607546698917
weighted,poisson_simulation,development_validation,1,unconditional_under,"(0.3, 0.4]",16,0.3847269471927868,0.5,0.11527305280721323
weighted,poisson_simulation,development_validation,1,unconditional_under,"(0.4, 0.5]",118,0.4505254873434432,0.5084745762711864,0.0579490889277432
weighted,poisson_simulation,development_validation,1,unconditional_under,"(0.5, 0.6]",25,0.5364046402955738,0.44,-0.09640464029557377
weighted,poisson_simulation,development_validation,1,unconditional_under,"(0.6, 0.7]",1,0.6719656068786243,1.0,0.3280343931213757
weighted,poisson_simulation,development_validation,2,unconditional_under,"(0.3, 0.4]",11,0.3804585896958185,0.45454545454545453,0.074086864849636
weighted,poisson_simulation,development_validation,2,unconditional_under,"(0.4, 0.5]",122,0.45278736095555927,0.4180327868852459,-0.03475457407031335
weighted,poisson_simulation,development_validation,2,unconditional_under,"(0.5, 0.6]",28,0.5256197300263745,0.25,-0.2756197300263745
weighted,poisson_simulation,development_validation,2,unconditional_under,"(0.6, 0.7]",2,0.6016796640671865,0.5,-0.10167966406718654
weighted,poisson_simulation,development_validation,3,unconditional_under,"(0.3, 0.4]",9,0.38656180923500727,0.5555555555555556,0.1689937463205483
weighted,poisson_simulation,development_validation,3,unconditional_under,"(0.4, 0.5]",97,0.4573037452252452,0.3917525773195876,-0.06555116790565757
weighted,poisson_simulation,development_validation,3,unconditional_under,"(0.5, 0.6]",42,0.5391218012758634,0.4523809523809524,-0.08674084889491102
weighted,poisson_simulation,development_validation,3,unconditional_under,"(0.6, 0.7]",2,0.6124775044991002,0.0,-0.6124775044991002
weighted,poisson_simulation,development_validation,4,unconditional_under,"(0.3, 0.4]",1,0.3971808457462761,1.0,0.6028191542537239
weighted,poisson_simulation,development_validation,4,unconditional_under,"(0.4, 0.5]",76,0.4553462193064157,0.4342105263157895,-0.02113569299062623
weighted,poisson_simulation,development_validation,4,unconditional_under,"(0.5, 0.6]",69,0.5526054054453007,0.5652173913043478,0.012611985859047103
weighted,poisson_simulation,development_validation,4,unconditional_under,"(0.6, 0.7]",12,0.6173931880290608,0.75,0.13260681197093915
meta,direct_multinomial,development_validation,1,push,"(-0.001, 0.1]",115,0.03576115164074576,0.034782608695652174,-0.0009785429450935856
meta,direct_multinomial,development_validation,1,push,"(0.1, 0.2]",45,0.11095961448783098,0.06666666666666667,-0.044292947821164316
meta,direct_multinomial,development_validation,2,push,"(-0.001, 0.1]",130,0.05143919336327744,0.06153846153846154,0.010099268175184105
meta,direct_multinomial,development_validation,2,push,"(0.1, 0.2]",33,0.10782325998250314,0.09090909090909091,-0.016914169073412227
meta,direct_multinomial,development_validation,3,push,"(-0.001, 0.1]",107,0.048647837856100606,0.04672897196261682,-0.0019188658934837857
meta,direct_multinomial,development_validation,3,push,"(0.1, 0.2]",43,0.10539855697688545,0.06976744186046512,-0.03563111511642034
meta,direct_multinomial,development_validation,4,push,"(-0.001, 0.1]",154,0.012651009358996454,0.025974025974025976,0.013323016615029522
meta,direct_multinomial,development_validation,4,push,"(0.1, 0.2]",4,0.1009169766321993,0.0,-0.1009169766321993
meta,empirical_residual,development_validation,1,push,"(-0.001, 0.1]",69,0.0014252133192662927,0.0,-0.0014252133192662927
meta,empirical_residual,development_validation,1,push,"(0.1, 0.2]",89,0.13573550303499934,0.07865168539325842,-0.05708381764174092
meta,empirical_residual,development_validation,1,push,"(0.2, 0.3]",2,0.2081736909323116,0.0,-0.2081736909323116
meta,empirical_residual,development_validation,2,push,"(-0.001, 0.1]",75,0.027138108189785428,0.04,0.012861891810214573
meta,empirical_residual,development_validation,2,push,"(0.1, 0.2]",88,0.12573147613945437,0.09090909090909091,-0.03482238523036346
meta,empirical_residual,development_validation,3,push,"(-0.001, 0.1]",58,0.011908496416592263,0.017241379310344827,0.005332882893752564
meta,empirical_residual,development_validation,3,push,"(0.1, 0.2]",92,0.11398971612863963,0.07608695652173914,-0.037902759606900496
meta,empirical_residual,development_validation,4,push,"(-0.001, 0.1]",145,0.007993458447178954,0.020689655172413793,0.012696196725234839
meta,empirical_residual,development_validation,4,push,"(0.1, 0.2]",13,0.10504070827957465,0.07692307692307693,-0.028117631356497724
meta,negative_binomial,development_validation,1,push,"(-0.001, 0.1]",68,0.0,0.0,0.0
meta,negative_binomial,development_validation,1,push,"(0.1, 0.2]",92,0.15875772405362232,0.07608695652173914,-0.08267076753188318
meta,negative_binomial,development_validation,2,push,"(-0.001, 0.1]",54,0.0,0.0,0.0
meta,negative_binomial,development_validation,2,push,"(0.1, 0.2]",109,0.15932939020756884,0.10091743119266056,-0.05841195901490828
meta,negative_binomial,development_validation,3,push,"(-0.001, 0.1]",51,0.0,0.0,0.0
meta,negative_binomial,development_validation,3,push,"(0.1, 0.2]",99,0.15966503422267833,0.08080808080808081,-0.07885695341459752
meta,negative_binomial,development_validation,4,push,"(-0.001, 0.1]",133,0.0,0.0,0.0
meta,negative_binomial,development_validation,4,push,"(0.1, 0.2]",25,0.15947586298907168,0.16,0.0005241370109283217
meta,poisson,development_validation,1,push,"(-0.001, 0.1]",68,0.0,0.0,0.0
meta,poisson,development_validation,1,push,"(0.1, 0.2]",92,0.15891384638905592,0.07608695652173914,-0.08282688986731679
meta,poisson,development_validation,2,push,"(-0.001, 0.1]",54,0.0,0.0,0.0
meta,poisson,development_validation,2,push,"(0.1, 0.2]",109,0.15948730728524674,0.10091743119266056,-0.05856987609258618
meta,poisson,development_validation,3,push,"(-0.001, 0.1]",51,0.0,0.0,0.0
meta,poisson,development_validation,3,push,"(0.1, 0.2]",99,0.15982398729743844,0.08080808080808081,-0.07901590648935762
meta,poisson,development_validation,4,push,"(-0.001, 0.1]",133,0.0,0.0,0.0
meta,poisson,development_validation,4,push,"(0.1, 0.2]",25,0.1596342320228007,0.16,0.00036576797719931053
meta,poisson_simulation,development_validation,1,push,"(-0.001, 0.1]",68,0.0,0.0,0.0
meta,poisson_simulation,development_validation,1,push,"(0.1, 0.2]",92,0.15877845342049557,0.07608695652173914,-0.08269149689875643
meta,poisson_simulation,development_validation,2,push,"(-0.001, 0.1]",54,0.0,0.0,0.0
meta,poisson_simulation,development_validation,2,push,"(0.1, 0.2]",109,0.15864506703034958,0.10091743119266056,-0.05772763583768903
meta,poisson_simulation,development_validation,3,push,"(-0.001, 0.1]",51,0.0,0.0,0.0
meta,poisson_simulation,development_validation,3,push,"(0.1, 0.2]",99,0.16001967086641686,0.08080808080808081,-0.07921159005833604
meta,poisson_simulation,development_validation,4,push,"(-0.001, 0.1]",133,0.0,0.0,0.0
meta,poisson_simulation,development_validation,4,push,"(0.1, 0.2]",25,0.1589963011096671,0.16,0.0010036988903329158
sdv,direct_multinomial,development_validation,1,push,"(-0.001, 0.1]",118,0.037601510779762364,0.03389830508474576,-0.003703205695016601
sdv,direct_multinomial,development_validation,1,push,"(0.1, 0.2]",42,0.10958580549244781,0.07142857142857142,-0.03815723406387639
sdv,direct_multinomial,development_validation,2,push,"(-0.001, 0.1]",131,0.05173039044737646,0.061068702290076333,0.00933831184269987
sdv,direct_multinomial,development_validation,2,push,"(0.1, 0.2]",32,0.10816828500391695,0.09375,-0.014418285003916953
sdv,direct_multinomial,development_validation,3,push,"(-0.001, 0.1]",107,0.04868428265331457,0.04672897196261682,-0.0019553106906977508
sdv,direct_multinomial,development_validation,3,push,"(0.1, 0.2]",43,0.10524791495858274,0.06976744186046512,-0.035480473098117624
sdv,direct_multinomial,development_validation,4,push,"(-0.001, 0.1]",155,0.013224871818868496,0.025806451612903226,0.01258157979403473
sdv,direct_multinomial,development_validation,4,push,"(0.1, 0.2]",3,0.10100874602051625,0.0,-0.10100874602051625
sdv,empirical_residual,development_validation,1,push,"(-0.001, 0.1]",117,0.04042091015271092,0.03418803418803419,-0.006232875964676726
sdv,empirical_residual,development_validation,1,push,"(0.1, 0.2]",43,0.11823932994742938,0.06976744186046512,-0.04847188808696426
sdv,empirical_residual,development_validation,2,push,"(-0.001, 0.1]",111,0.04891655027647775,0.04504504504504504,-0.0038715052314327036
sdv,empirical_residual,development_validation,2,push,"(0.1, 0.2]",52,0.12009205662877467,0.11538461538461539,-0.004707441244159283
sdv,empirical_residual,development_validation,3,push,"(-0.001, 0.1]",56,0.008809857042887132,0.017857142857142856,0.009047285814255724
sdv,empirical_residual,development_validation,3,push,"(0.1, 0.2]",94,0.11556958444381578,0.07446808510638298,-0.041101499337432804
sdv,empirical_residual,development_validation,4,push,"(-0.001, 0.1]",135,0.0014652014652014652,0.007407407407407408,0.0059422059422059425
sdv,empirical_residual,development_validation,4,push,"(0.1, 0.2]",23,0.11730832096964822,0.13043478260869565,0.013126461639047432
sdv,negative_binomial,development_validation,1,push,"(-0.001, 0.1]",97,0.028834055820625565,0.030927835051546393,0.002093779230920828
sdv,negative_binomial,development_validation,1,push,"(0.1, 0.2]",63,0.1063641420162583,0.06349206349206349,-0.04287207852419481
sdv,negative_binomial,development_validation,2,push,"(-0.001, 0.1]",86,0.03560511030730546,0.03488372093023256,-0.0007213893770729035
sdv,negative_binomial,development_validation,2,push,"(0.1, 0.2]",77,0.10647323105831678,0.1038961038961039,-0.0025771271622128805
sdv,negative_binomial,development_validation,3,push,"(-0.001, 0.1]",94,0.043570252025604876,0.031914893617021274,-0.011655358408583602
sdv,negative_binomial,development_validation,3,push,"(0.1, 0.2]",56,0.1054413046660236,0.08928571428571429,-0.01615559038030931
sdv,negative_binomial,development_validation,4,push,"(-0.001, 0.1]",143,0.006481431713534347,0.013986013986013986,0.007504582272479639
sdv,negative_binomial,development_validation,4,push,"(0.1, 0.2]",15,0.10537627457751933,0.13333333333333333,0.027957058755814
sdv,poisson,development_validation,1,push,"(-0.001, 0.1]",70,0.002748693895663802,0.0,-0.002748693895663802
sdv,poisson,development_validation,1,push,"(0.1, 0.2]",90,0.1184732912482386,0.07777777777777778,-0.040695513470460826
sdv,poisson,development_validation,2,push,"(-0.001, 0.1]",59,0.0081630956770261,0.01694915254237288,0.00878605686534678
sdv,poisson,development_validation,2,push,"(0.1, 0.2]",104,0.11811740724721419,0.09615384615384616,-0.021963561093368028
sdv,poisson,development_validation,3,push,"(-0.001, 0.1]",60,0.01448129300230888,0.0,-0.01448129300230888
sdv,poisson,development_validation,3,push,"(0.1, 0.2]",90,0.11542899908395232,0.08888888888888889,-0.02654011019506343
sdv,poisson,development_validation,4,push,"(-0.001, 0.1]",138,0.00347727373791227,0.0,-0.00347727373791227
sdv,poisson,development_validation,4,push,"(0.1, 0.2]",20,0.11882889528422931,0.2,0.0811711047157707
sdv,poisson_simulation,development_validation,1,push,"(-0.001, 0.1]",70,0.0028105853958098285,0.0,-0.0028105853958098285
sdv,poisson_simulation,development_validation,1,push,"(0.1, 0.2]",90,0.11854443666899929,0.07777777777777778,-0.04076665889122151
sdv,poisson_simulation,development_validation,2,push,"(-0.001, 0.1]",61,0.011244167733286571,0.01639344262295082,0.005149274889664249
sdv,poisson_simulation,development_validation,2,push,"(0.1, 0.2]",102,0.11860755498840544,0.09803921568627451,-0.020568339302130936
sdv,poisson_simulation,development_validation,3,push,"(-0.001, 0.1]",63,0.01833735593607632,0.015873015873015872,-0.002464340063060448
sdv,poisson_simulation,development_validation,3,push,"(0.1, 0.2]",87,0.11629499655850366,0.08045977011494253,-0.03583522644356113
sdv,poisson_simulation,development_validation,4,push,"(-0.001, 0.1]",139,0.004050583386135238,0.0,-0.004050583386135238
sdv,poisson_simulation,development_validation,4,push,"(0.1, 0.2]",19,0.11946416075177446,0.21052631578947367,0.09106215503769921
weighted,direct_multinomial,development_validation,1,push,"(-0.001, 0.1]",92,0.02494448996907258,0.03260869565217391,0.007664205683101333
weighted,direct_multinomial,development_validation,1,push,"(0.1, 0.2]",68,0.10604783942351838,0.058823529411764705,-0.04722431001175367
weighted,direct_multinomial,development_validation,2,push,"(-0.001, 0.1]",151,0.06010741463810894,0.059602649006622516,-0.000504765631486423
weighted,direct_multinomial,development_validation,2,push,"(0.1, 0.2]",12,0.1021962447529261,0.16666666666666666,0.06447042191374056
weighted,direct_multinomial,development_validation,3,push,"(-0.001, 0.1]",116,0.05287124917451594,0.04310344827586207,-0.009767800898653867
weighted,direct_multinomial,development_validation,3,push,"(0.1, 0.2]",34,0.10270427698442053,0.08823529411764706,-0.014468982866773464
weighted,direct_multinomial,development_validation,4,push,"(-0.001, 0.1]",158,0.01478260381085978,0.02531645569620253,0.01053385188534275
weighted,empirical_residual,development_validation,1,push,"(-0.001, 0.1]",101,0.03106862410378969,0.009900990099009901,-0.021167634004779792
weighted,empirical_residual,development_validation,1,push,"(0.1, 0.2]",59,0.11604649652574843,0.1016949152542373,-0.014351581271511135
weighted,empirical_residual,development_validation,2,push,"(-0.001, 0.1]",75,0.0275732849803566,0.05333333333333334,0.025760048352976735
weighted,empirical_residual,development_validation,2,push,"(0.1, 0.2]",88,0.11396604302315998,0.07954545454545454,-0.03442058847770543
weighted,empirical_residual,development_validation,3,push,"(-0.001, 0.1]",64,0.01988934569629111,0.015625,-0.004264345696291111
weighted,empirical_residual,development_validation,3,push,"(0.1, 0.2]",86,0.12073819714550751,0.08139534883720931,-0.039342848308298206
weighted,empirical_residual,development_validation,4,push,"(-0.001, 0.1]",135,0.0014566330355804038,0.0,-0.0014566330355804038
weighted,empirical_residual,development_validation,4,push,"(0.1, 0.2]",23,0.11177609575778913,0.17391304347826086,0.062136947720471736
weighted,negative_binomial,development_validation,1,push,"(-0.001, 0.1]",68,0.0,0.0,0.0
weighted,negative_binomial,development_validation,1,push,"(0.1, 0.2]",92,0.15984160574551462,0.07608695652173914,-0.08375464922377548
weighted,negative_binomial,development_validation,2,push,"(-0.001, 0.1]",54,0.0,0.0,0.0
weighted,negative_binomial,development_validation,2,push,"(0.1, 0.2]",109,0.15986341517481245,0.10091743119266056,-0.058945983982151895
weighted,negative_binomial,development_validation,3,push,"(-0.001, 0.1]",51,0.0,0.0,0.0
weighted,negative_binomial,development_validation,3,push,"(0.1, 0.2]",99,0.15977920522840794,0.08080808080808081,-0.07897112442032712
weighted,negative_binomial,development_validation,4,push,"(-0.001, 0.1]",133,0.0,0.0,0.0
weighted,negative_binomial,development_validation,4,push,"(0.1, 0.2]",25,0.16000636001235524,0.16,-6.360012355238753e-06
weighted,poisson,development_validation,1,push,"(-0.001, 0.1]",68,0.0,0.0,0.0
weighted,poisson,development_validation,1,push,"(0.1, 0.2]",92,0.1600011235249415,0.07608695652173914,-0.08391416700320237
weighted,poisson,development_validation,2,push,"(-0.001, 0.1]",54,0.0,0.0,0.0
weighted,poisson,development_validation,2,push,"(0.1, 0.2]",109,0.16002300958525564,0.10091743119266056,-0.05910557839259509
weighted,poisson,development_validation,3,push,"(-0.001, 0.1]",51,0.0,0.0,0.0
weighted,poisson,development_validation,3,push,"(0.1, 0.2]",99,0.1599385697781377,0.08080808080808081,-0.07913048897005688
weighted,poisson,development_validation,4,push,"(-0.001, 0.1]",133,0.0,0.0,0.0
weighted,poisson,development_validation,4,push,"(0.1, 0.2]",25,0.16016640449896838,0.16,-0.0001664044989683755
weighted,poisson_simulation,development_validation,1,push,"(-0.001, 0.1]",68,0.0,0.0,0.0
weighted,poisson_simulation,development_validation,1,push,"(0.1, 0.2]",92,0.15892406191186123,0.07608695652173914,-0.0828371053901221
weighted,poisson_simulation,development_validation,2,push,"(-0.001, 0.1]",54,0.0,0.0,0.0
weighted,poisson_simulation,development_validation,2,push,"(0.1, 0.2]",109,0.16007766477396235,0.10091743119266056,-0.05916023358130179
weighted,poisson_simulation,development_validation,3,push,"(-0.001, 0.1]",51,0.0,0.0,0.0
weighted,poisson_simulation,development_validation,3,push,"(0.1, 0.2]",99,0.15996312217445877,0.08080808080808081,-0.07915504136637795
weighted,poisson_simulation,development_validation,4,push,"(-0.001, 0.1]",133,0.0,0.0,0.0
weighted,poisson_simulation,development_validation,4,push,"(0.1, 0.2]",25,0.16089973008097572,0.16,-0.0008997300809757136
meta,direct_multinomial,development_validation,1,conditional_over_no_push,"(0.3, 0.4]",4,0.37123611799405287,0.25,-0.12123611799405287
meta,direct_multinomial,development_validation,1,conditional_over_no_push,"(0.4, 0.5]",48,0.4632082129320189,0.5208333333333334,0.057625120401314456
meta,direct_multinomial,development_validation,1,conditional_over_no_push,"(0.5, 0.6]",80,0.5444485699242282,0.4875,-0.0569485699242282
meta,direct_multinomial,development_validation,1,conditional_over_no_push,"(0.6, 0.7]",21,0.6390422028795127,0.38095238095238093,-0.2580898219271318
meta,direct_multinomial,development_validation,2,conditional_over_no_push,"(0.4, 0.5]",57,0.46252062471549904,0.5614035087719298,0.09888288405643075
meta,direct_multinomial,development_validation,2,conditional_over_no_push,"(0.5, 0.6]",89,0.5388828265986709,0.5955056179775281,0.056622791378857174
meta,direct_multinomial,development_validation,2,conditional_over_no_push,"(0.6, 0.7]",6,0.6130501297198581,0.5,-0.11305012971985806
meta,direct_multinomial,development_validation,3,conditional_over_no_push,"(0.4, 0.5]",44,0.47398434823970864,0.5681818181818182,0.09419746994210959
meta,direct_multinomial,development_validation,3,conditional_over_no_push,"(0.5, 0.6]",94,0.5391537435586544,0.5531914893617021,0.01403774580304773
meta,direct_multinomial,development_validation,3,conditional_over_no_push,"(0.6, 0.7]",4,0.6142569842475492,0.75,0.13574301575245085
meta,direct_multinomial,development_validation,4,conditional_over_no_push,"(0.4, 0.5]",6,0.4800892870507489,0.5,0.01991071294925112
meta,direct_multinomial,development_validation,4,conditional_over_no_push,"(0.5, 0.6]",144,0.5474424154416441,0.4513888888888889,-0.09605352655275518
meta,direct_multinomial,development_validation,4,conditional_over_no_push,"(0.6, 0.7]",4,0.6136077025546023,1.0,0.3863922974453977
meta,empirical_residual,development_validation,1,conditional_over_no_push,"(0.3, 0.4]",2,0.3698247085395423,0.5,0.1301752914604577
meta,empirical_residual,development_validation,1,conditional_over_no_push,"(0.4, 0.5]",32,0.47329538169221375,0.5625,0.08920461830778625
meta,empirical_residual,development_validation,1,conditional_over_no_push,"(0.5, 0.6]",102,0.5466595958942905,0.46078431372549017,-0.0858752821688003
meta,empirical_residual,development_validation,1,conditional_over_no_push,"(0.6, 0.7]",17,0.6337364203437917,0.4117647058823529,-0.22197171446143882
meta,empirical_residual,development_validation,2,conditional_over_no_push,"(0.3, 0.4]",1,0.39890109890109887,0.0,-0.39890109890109887
meta,empirical_residual,development_validation,2,conditional_over_no_push,"(0.4, 0.5]",46,0.47260587254408176,0.5869565217391305,0.11435064919504873
meta,empirical_residual,development_validation,2,conditional_over_no_push,"(0.5, 0.6]",103,0.5362806146655914,0.5825242718446602,0.04624365717906875
meta,empirical_residual,development_validation,2,conditional_over_no_push,"(0.6, 0.7]",2,0.6261625061184533,0.5,-0.12616250611845325
meta,empirical_residual,development_validation,3,conditional_over_no_push,"(0.4, 0.5]",43,0.4732867028939729,0.5813953488372093,0.10810864594323644
meta,empirical_residual,development_validation,3,conditional_over_no_push,"(0.5, 0.6]",97,0.5282823922411966,0.5567010309278351,0.02841863868663852
meta,empirical_residual,development_validation,3,conditional_over_no_push,"(0.6, 0.7]",2,0.6235098690639046,0.5,-0.1235098690639046
meta,empirical_residual,development_validation,4,conditional_over_no_push,"(0.4, 0.5]",70,0.4775132275132275,0.37142857142857144,-0.10608465608465606
meta,empirical_residual,development_validation,4,conditional_over_no_push,"(0.5, 0.6]",84,0.5541152949979858,0.5476190476190477,-0.006496247378938169
meta,negative_binomial,development_validation,1,conditional_over_no_push,"(0.3, 0.4]",4,0.3827644590260161,0.25,-0.13276445902601608
meta,negative_binomial,development_validation,1,conditional_over_no_push,"(0.4, 0.5]",52,0.46610978768289113,0.5576923076923077,0.09158252000941658
meta,negative_binomial,development_validation,1,conditional_over_no_push,"(0.5, 0.6]",88,0.5483343851749859,0.4431818181818182,-0.10515256699316772
meta,negative_binomial,development_validation,1,conditional_over_no_push,"(0.6, 0.7]",9,0.6182763814121444,0.4444444444444444,-0.17383193696769994
meta,negative_binomial,development_validation,2,conditional_over_no_push,"(0.3, 0.4]",3,0.3910685296955754,0.6666666666666666,0.27559813697109126
meta,negative_binomial,development_validation,2,conditional_over_no_push,"(0.4, 0.5]",58,0.4644817452192627,0.5862068965517241,0.12172515133246137
meta,negative_binomial,development_validation,2,conditional_over_no_push,"(0.5, 0.6]",89,0.5428710510138716,0.5730337078651685,0.030162656851296932
meta,negative_binomial,development_validation,2,conditional_over_no_push,"(0.6, 0.7]",2,0.6026922071022914,0.5,-0.10269220710229143
meta,negative_binomial,development_validation,3,conditional_over_no_push,"(0.3, 0.4]",3,0.3926913446075931,0.6666666666666666,0.27397532205907354
meta,negative_binomial,development_validation,3,conditional_over_no_push,"(0.4, 0.5]",80,0.4646039129181923,0.5375,0.07289608708180767
meta,negative_binomial,development_validation,3,conditional_over_no_push,"(0.5, 0.6]",58,0.5401797830805858,0.5862068965517241,0.0460271134711383
meta,negative_binomial,development_validation,3,conditional_over_no_push,"(0.6, 0.7]",1,0.6407367386065008,1.0,0.3592632613934992
meta,negative_binomial,development_validation,4,conditional_over_no_push,"(0.4, 0.5]",82,0.44943659474818065,0.4024390243902439,-0.046997570357936724
meta,negative_binomial,development_validation,4,conditional_over_no_push,"(0.5, 0.6]",63,0.5601270607714353,0.5714285714285714,0.011301510657136138
meta,negative_binomial,development_validation,4,conditional_over_no_push,"(0.6, 0.7]",9,0.6076431302012261,0.3333333333333333,-0.27430979686789275
meta,poisson,development_validation,1,conditional_over_no_push,"(0.3, 0.4]",4,0.3827569821067243,0.25,-0.13275698210672432
meta,poisson,development_validation,1,conditional_over_no_push,"(0.4, 0.5]",52,0.46619382184404956,0.5576923076923077,0.09149848584825815
meta,poisson,development_validation,1,conditional_over_no_push,"(0.5, 0.6]",88,0.5485051869891555,0.4431818181818182,-0.10532336880733734
meta,poisson,development_validation,1,conditional_over_no_push,"(0.6, 0.7]",9,0.6185166094763069,0.4444444444444444,-0.1740721650318625
meta,poisson,development_validation,2,conditional_over_no_push,"(0.3, 0.4]",3,0.3910673055271736,0.6666666666666666,0.275599361139493
meta,poisson,development_validation,2,conditional_over_no_push,"(0.4, 0.5]",58,0.46456440370230667,0.5862068965517241,0.12164249284941742
meta,poisson,development_validation,2,conditional_over_no_push,"(0.5, 0.6]",89,0.5430375958009996,0.5730337078651685,0.029996112064168856
meta,poisson,development_validation,2,conditional_over_no_push,"(0.6, 0.7]",2,0.602922889135301,0.5,-0.10292288913530101
meta,poisson,development_validation,3,conditional_over_no_push,"(0.3, 0.4]",3,0.3926903966204085,0.6666666666666666,0.27397627004625813
meta,poisson,development_validation,3,conditional_over_no_push,"(0.4, 0.5]",80,0.464686370300743,0.5375,0.07281362969925698
meta,poisson,development_validation,3,conditional_over_no_push,"(0.5, 0.6]",58,0.5403458773205423,0.5862068965517241,0.0458610192311818
meta,poisson,development_validation,3,conditional_over_no_push,"(0.6, 0.7]",1,0.6409837770119688,1.0,0.35901622298803115
meta,poisson,development_validation,4,conditional_over_no_push,"(0.4, 0.5]",82,0.44949685715894244,0.4024390243902439,-0.047057832768698515
meta,poisson,development_validation,4,conditional_over_no_push,"(0.5, 0.6]",63,0.560300771541521,0.5714285714285714,0.011127799887050371
meta,poisson,development_validation,4,conditional_over_no_push,"(0.6, 0.7]",9,0.6078580287905897,0.3333333333333333,-0.2745246954572564
meta,poisson_simulation,development_validation,1,conditional_over_no_push,"(0.3, 0.4]",2,0.36940420784707184,0.5,0.13059579215292816
meta,poisson_simulation,development_validation,1,conditional_over_no_push,"(0.4, 0.5]",53,0.4630316601657756,0.5471698113207547,0.08413815115497908
meta,poisson_simulation,development_validation,1,conditional_over_no_push,"(0.5, 0.6]",88,0.5463225440961581,0.4318181818181818,-0.11450436227797628
meta,poisson_simulation,development_validation,1,conditional_over_no_push,"(0.6, 0.7]",10,0.6182247365954342,0.5,-0.1182247365954342
meta,poisson_simulation,development_validation,2,conditional_over_no_push,"(0.3, 0.4]",3,0.38479678210776774,0.6666666666666666,0.2818698845588989
meta,poisson_simulation,development_validation,2,conditional_over_no_push,"(0.4, 0.5]",57,0.46373975082015717,0.5964912280701754,0.13275147725001823
meta,poisson_simulation,development_validation,2,conditional_over_no_push,"(0.5, 0.6]",89,0.5424822984274764,0.550561797752809,0.008079499325332584
meta,poisson_simulation,development_validation,2,conditional_over_no_push,"(0.6, 0.7]",3,0.6032082352326528,1.0,0.39679176476734723
meta,poisson_simulation,development_validation,3,conditional_over_no_push,"(0.3, 0.4]",1,0.38842231553689266,1.0,0.6115776844631073
meta,poisson_simulation,development_validation,3,conditional_over_no_push,"(0.4, 0.5]",77,0.46068816517824435,0.5194805194805194,0.058792354302275085
meta,poisson_simulation,development_validation,3,conditional_over_no_push,"(0.5, 0.6]",63,0.5377959356272098,0.6031746031746031,0.0653786675473933
meta,poisson_simulation,development_validation,3,conditional_over_no_push,"(0.6, 0.7]",1,0.6387722455508899,1.0,0.36122775444911015
meta,poisson_simulation,development_validation,4,conditional_over_no_push,"(0.3, 0.4]",1,0.3996200759848031,0.0,-0.3996200759848031
meta,poisson_simulation,development_validation,4,conditional_over_no_push,"(0.4, 0.5]",81,0.4494633397393167,0.4074074074074074,-0.042055932331909296
meta,poisson_simulation,development_validation,4,conditional_over_no_push,"(0.5, 0.6]",64,0.5628553030686752,0.5625,-0.00035530306867515016
meta,poisson_simulation,development_validation,4,conditional_over_no_push,"(0.6, 0.7]",8,0.6125274945010998,0.375,-0.23752749450109978
sdv,direct_multinomial,development_validation,1,conditional_over_no_push,"(0.3, 0.4]",3,0.3609971262618559,0.0,-0.3609971262618559
sdv,direct_multinomial,development_validation,1,conditional_over_no_push,"(0.4, 0.5]",39,0.46199739069457096,0.5641025641025641,0.10210517340799313
sdv,direct_multinomial,development_validation,1,conditional_over_no_push,"(0.5, 0.6]",82,0.5420943301433285,0.47560975609756095,-0.06648457404576757
sdv,direct_multinomial,development_validation,1,conditional_over_no_push,"(0.6, 0.7]",29,0.6247079665478148,0.41379310344827586,-0.21091486309953894
sdv,direct_multinomial,development_validation,2,conditional_over_no_push,"(0.4, 0.5]",56,0.4639089279428315,0.5714285714285714,0.10751964348573989
sdv,direct_multinomial,development_validation,2,conditional_over_no_push,"(0.5, 0.6]",92,0.5386242074594471,0.5760869565217391,0.03746274906229208
sdv,direct_multinomial,development_validation,2,conditional_over_no_push,"(0.6, 0.7]",4,0.6158172651647836,0.75,0.13418273483521637
sdv,direct_multinomial,development_validation,3,conditional_over_no_push,"(0.4, 0.5]",43,0.47409094517142486,0.5813953488372093,0.10730440366578448
sdv,direct_multinomial,development_validation,3,conditional_over_no_push,"(0.5, 0.6]",96,0.5393170290507692,0.5520833333333334,0.0127663042825642
sdv,direct_multinomial,development_validation,3,conditional_over_no_push,"(0.6, 0.7]",3,0.6181832871351834,0.6666666666666666,0.048483379531483184
sdv,direct_multinomial,development_validation,4,conditional_over_no_push,"(0.4, 0.5]",11,0.4790615638141588,0.45454545454545453,-0.02451610926870429
sdv,direct_multinomial,development_validation,4,conditional_over_no_push,"(0.5, 0.6]",137,0.5467244595108796,0.44525547445255476,-0.1014689850583248
sdv,direct_multinomial,development_validation,4,conditional_over_no_push,"(0.6, 0.7]",6,0.6147598826584476,1.0,0.3852401173415524
sdv,empirical_residual,development_validation,1,conditional_over_no_push,"(0.4, 0.5]",16,0.4808447628146212,0.5,0.019155237185378815
sdv,empirical_residual,development_validation,1,conditional_over_no_push,"(0.5, 0.6]",135,0.5426343768238285,0.4740740740740741,-0.06856030274975444
sdv,empirical_residual,development_validation,1,conditional_over_no_push,"(0.6, 0.7]",2,0.6146029070410081,0.5,-0.11460290704100806
sdv,empirical_residual,development_validation,2,conditional_over_no_push,"(0.4, 0.5]",39,0.4786146740251965,0.5897435897435898,0.11112891571839328
sdv,empirical_residual,development_validation,2,conditional_over_no_push,"(0.5, 0.6]",112,0.5279466517219248,0.5714285714285714,0.04348191970664661
sdv,empirical_residual,development_validation,2,conditional_over_no_push,"(0.6, 0.7]",1,0.6085526315789475,1.0,0.39144736842105254
sdv,empirical_residual,development_validation,3,conditional_over_no_push,"(0.4, 0.5]",48,0.47465441055671675,0.5416666666666666,0.06701225610994987
sdv,empirical_residual,development_validation,3,conditional_over_no_push,"(0.5, 0.6]",92,0.5301768246072556,0.5760869565217391,0.045910131914483565
sdv,empirical_residual,development_validation,3,conditional_over_no_push,"(0.6, 0.7]",2,0.6325060174823698,0.5,-0.1325060174823698
sdv,empirical_residual,development_validation,4,conditional_over_no_push,"(0.4, 0.5]",69,0.47494589475368476,0.37681159420289856,-0.0981343005507862
sdv,empirical_residual,development_validation,4,conditional_over_no_push,"(0.5, 0.6]",84,0.5527626227700528,0.5357142857142857,-0.017048337055767138
sdv,empirical_residual,development_validation,4,conditional_over_no_push,"(0.6, 0.7]",1,0.6232638888888888,1.0,0.37673611111111116
sdv,negative_binomial,development_validation,1,conditional_over_no_push,"(0.1, 0.2]",60,0.17687123486234285,0.48333333333333334,0.3064620984709905
sdv,negative_binomial,development_validation,1,conditional_over_no_push,"(0.2, 0.3]",93,0.23749816935875176,0.4731182795698925,0.23562011021114074
sdv,negative_binomial,development_validation,2,conditional_over_no_push,"(0.1, 0.2]",68,0.17448183723330868,0.5441176470588235,0.3696358098255148
sdv,negative_binomial,development_validation,2,conditional_over_no_push,"(0.2, 0.3]",84,0.2330103019947525,0.6071428571428571,0.3741325551481046
sdv,negative_binomial,development_validation,3,conditional_over_no_push,"(0.1, 0.2]",92,0.1703944044484547,0.5217391304347826,0.35134472598632793
sdv,negative_binomial,development_validation,3,conditional_over_no_push,"(0.2, 0.3]",49,0.23069086242075357,0.6326530612244898,0.4019621988037363
sdv,negative_binomial,development_validation,3,conditional_over_no_push,"(0.3, 0.4]",1,0.3271260262197603,1.0,0.6728739737802397
sdv,negative_binomial,development_validation,4,conditional_over_no_push,"(0.1, 0.2]",72,0.17116590847946164,0.375,0.20383409152053836
sdv,negative_binomial,development_validation,4,conditional_over_no_push,"(0.2, 0.3]",80,0.23960304752869543,0.55,0.3103969524713046
sdv,negative_binomial,development_validation,4,conditional_over_no_push,"(0.3, 0.4]",2,0.3084043799938555,0.5,0.1915956200061445
sdv,poisson,development_validation,1,conditional_over_no_push,"(0.1, 0.2]",101,0.16110970466231653,0.504950495049505,0.3438407903871884
sdv,poisson,development_validation,1,conditional_over_no_push,"(0.2, 0.3]",52,0.23391505415506833,0.4230769230769231,0.18916186892185474
sdv,poisson,development_validation,2,conditional_over_no_push,"(0.1, 0.2]",109,0.1576544104233054,0.5504587155963303,0.3928043051730249
sdv,poisson,development_validation,2,conditional_over_no_push,"(0.2, 0.3]",43,0.23310829218158177,0.6511627906976745,0.41805449851609267
sdv,poisson,development_validation,3,conditional_over_no_push,"(-0.001, 0.1]",1,0.09897281223358302,1.0,0.901027187766417
sdv,poisson,development_validation,3,conditional_over_no_push,"(0.1, 0.2]",120,0.15082341994975143,0.5416666666666666,0.39084324671691517
sdv,poisson,development_validation,3,conditional_over_no_push,"(0.2, 0.3]",20,0.22982127509447547,0.65,0.42017872490552455
sdv,poisson,development_validation,3,conditional_over_no_push,"(0.3, 0.4]",1,0.31854859493975685,1.0,0.6814514050602432
sdv,poisson,development_validation,4,conditional_over_no_push,"(-0.001, 0.1]",1,0.09825718131141253,0.0,-0.09825718131141253
sdv,poisson,development_validation,4,conditional_over_no_push,"(0.1, 0.2]",104,0.15294281660279788,0.4326923076923077,0.27974949108950986
sdv,poisson,development_validation,4,conditional_over_no_push,"(0.2, 0.3]",48,0.23905015980633162,0.5416666666666666,0.30261650686033503
sdv,poisson,development_validation,4,conditional_over_no_push,"(0.3, 0.4]",1,0.30303344725084935,1.0,0.6969665527491506
sdv,poisson_simulation,development_validation,1,conditional_over_no_push,"(-0.001, 0.1]",1,0.09627742078440063,1.0,0.9037225792155994
sdv,poisson_simulation,development_validation,1,conditional_over_no_push,"(0.1, 0.2]",102,0.16156671605068365,0.49019607843137253,0.32862936238068885
sdv,poisson_simulation,development_validation,1,conditional_over_no_push,"(0.2, 0.3]",50,0.2357225624598269,0.44,0.2042774375401731
sdv,poisson_simulation,development_validation,2,conditional_over_no_push,"(-0.001, 0.1]",1,0.09835883787979596,0.0,-0.09835883787979596
sdv,poisson_simulation,development_validation,2,conditional_over_no_push,"(0.1, 0.2]",107,0.1574508675579839,0.5607476635514018,0.40329679599341794
sdv,poisson_simulation,development_validation,2,conditional_over_no_push,"(0.2, 0.3]",44,0.23319953649413572,0.6363636363636364,0.40316409986950064
sdv,poisson_simulation,development_validation,3,conditional_over_no_push,"(-0.001, 0.1]",2,0.0993707422387471,0.5,0.4006292577612529
sdv,poisson_simulation,development_validation,3,conditional_over_no_push,"(0.1, 0.2]",120,0.15102952125117686,0.5583333333333333,0.4073038120821565
sdv,poisson_simulation,development_validation,3,conditional_over_no_push,"(0.2, 0.3]",19,0.23166136795875328,0.5789473684210527,0.3472860004622994
sdv,poisson_simulation,development_validation,3,conditional_over_no_push,"(0.3, 0.4]",1,0.3112377524495101,1.0,0.68876224755049
sdv,poisson_simulation,development_validation,4,conditional_over_no_push,"(-0.001, 0.1]",1,0.09912568306010928,0.0,-0.09912568306010928
sdv,poisson_simulation,development_validation,4,conditional_over_no_push,"(0.1, 0.2]",103,0.15171400824329967,0.4368932038834951,0.28517919564019545
sdv,poisson_simulation,development_validation,4,conditional_over_no_push,"(0.2, 0.3]",49,0.23836661239180734,0.5306122448979592,0.2922456325061519
sdv,poisson_simulation,development_validation,4,conditional_over_no_push,"(0.3, 0.4]",1,0.3026394721055789,1.0,0.697360527894421
weighted,direct_multinomial,development_validation,1,conditional_over_no_push,"(0.3, 0.4]",3,0.3908602588830396,1.0,0.6091397411169603
weighted,direct_multinomial,development_validation,1,conditional_over_no_push,"(0.4, 0.5]",40,0.4722795384679165,0.475,0.0027204615320834957
weighted,direct_multinomial,development_validation,1,conditional_over_no_push,"(0.5, 0.6]",110,0.5358024327504072,0.4636363636363636,-0.07216606911404355
weighted,direct_multinomial,development_validation,2,conditional_over_no_push,"(0.4, 0.5]",51,0.48490829910136973,0.6274509803921569,0.14254268129078712
weighted,direct_multinomial,development_validation,2,conditional_over_no_push,"(0.5, 0.6]",101,0.5239812499348493,0.5544554455445545,0.030474195609705212
weighted,direct_multinomial,development_validation,3,conditional_over_no_push,"(0.4, 0.5]",4,0.4924611650916542,0.25,-0.24246116509165422
weighted,direct_multinomial,development_validation,3,conditional_over_no_push,"(0.5, 0.6]",138,0.5344606929736649,0.572463768115942,0.038003075142277076
weighted,direct_multinomial,development_validation,4,conditional_over_no_push,"(0.4, 0.5]",1,0.4993997500901284,1.0,0.5006002499098716
weighted,direct_multinomial,development_validation,4,conditional_over_no_push,"(0.5, 0.6]",153,0.5504373324095101,0.46405228758169936,-0.08638504482781073
weighted,empirical_residual,development_validation,1,conditional_over_no_push,"(0.4, 0.5]",16,0.48625268579373104,0.4375,-0.04875268579373104
weighted,empirical_residual,development_validation,1,conditional_over_no_push,"(0.5, 0.6]",131,0.5419924383741151,0.48854961832061067,-0.05344282005350448
weighted,empirical_residual,development_validation,1,conditional_over_no_push,"(0.6, 0.7]",6,0.6307189223967175,0.3333333333333333,-0.29738558906338414
weighted,empirical_residual,development_validation,2,conditional_over_no_push,"(0.4, 0.5]",49,0.48291836247913544,0.5102040816326531,0.02728571915351763
weighted,empirical_residual,development_validation,2,conditional_over_no_push,"(0.5, 0.6]",101,0.5286588922001106,0.6138613861386139,0.08520249393850321
weighted,empirical_residual,development_validation,2,conditional_over_no_push,"(0.6, 0.7]",2,0.6267232405191369,0.5,-0.12672324051913686
weighted,empirical_residual,development_validation,3,conditional_over_no_push,"(0.4, 0.5]",52,0.48254187312559826,0.5384615384615384,0.05591966533594017
weighted,empirical_residual,development_validation,3,conditional_over_no_push,"(0.5, 0.6]",87,0.5318345362954024,0.5977011494252874,0.06586661312988495
weighted,empirical_residual,development_validation,3,conditional_over_no_push,"(0.6, 0.7]",3,0.6156904817937253,0.0,-0.6156904817937253
weighted,empirical_residual,development_validation,4,conditional_over_no_push,"(0.4, 0.5]",37,0.4774938474374732,0.3783783783783784,-0.0991154690590948
weighted,empirical_residual,development_validation,4,conditional_over_no_push,"(0.5, 0.6]",113,0.5433448663193174,0.4778761061946903,-0.06546876012462716
weighted,empirical_residual,development_validation,4,conditional_over_no_push,"(0.6, 0.7]",4,0.6111111111111112,1.0,0.38888888888888884
weighted,negative_binomial,development_validation,1,conditional_over_no_push,"(0.3, 0.4]",1,0.3345543960418609,0.0,-0.3345543960418609
weighted,negative_binomial,development_validation,1,conditional_over_no_push,"(0.4, 0.5]",82,0.46450210476811704,0.5121951219512195,0.04769301718310248
weighted,negative_binomial,development_validation,1,conditional_over_no_push,"(0.5, 0.6]",68,0.5313249395642825,0.4411764705882353,-0.09014846897604722
weighted,negative_binomial,development_validation,1,conditional_over_no_push,"(0.6, 0.7]",2,0.6160071949793555,0.5,-0.11600719497935552
weighted,negative_binomial,development_validation,2,conditional_over_no_push,"(0.3, 0.4]",3,0.3911491884038982,0.3333333333333333,-0.05781585507056486
weighted,negative_binomial,development_validation,2,conditional_over_no_push,"(0.4, 0.5]",93,0.4613119143528376,0.5913978494623656,0.13008593510952804
weighted,negative_binomial,development_validation,2,conditional_over_no_push,"(0.5, 0.6]",56,0.5241929792794305,0.5714285714285714,0.04723559214914086
weighted,negative_binomial,development_validation,3,conditional_over_no_push,"(0.3, 0.4]",5,0.3894839741276825,0.8,0.41051602587231756
weighted,negative_binomial,development_validation,3,conditional_over_no_push,"(0.4, 0.5]",105,0.45175519023177546,0.5714285714285714,0.11967338119679594
weighted,negative_binomial,development_validation,3,conditional_over_no_push,"(0.5, 0.6]",32,0.5215209702077614,0.5,-0.021520970207761447
weighted,negative_binomial,development_validation,4,conditional_over_no_push,"(0.3, 0.4]",12,0.3832203906448825,0.16666666666666666,-0.21655372397821585
weighted,negative_binomial,development_validation,4,conditional_over_no_push,"(0.4, 0.5]",82,0.4488120028645119,0.47560975609756095,0.02679775323304906
weighted,negative_binomial,development_validation,4,conditional_over_no_push,"(0.5, 0.6]",60,0.5363877952202257,0.5166666666666667,-0.01972112855355901
weighted,poisson,development_validation,1,conditional_over_no_push,"(0.3, 0.4]",1,0.3344990665539429,0.0,-0.3344990665539429
weighted,poisson,development_validation,1,conditional_over_no_push,"(0.4, 0.5]",82,0.46458366224390674,0.5121951219512195,0.04761145970731279
weighted,poisson,development_validation,1,conditional_over_no_push,"(0.5, 0.6]",68,0.5314747521701886,0.4411764705882353,-0.0902982815819533
weighted,poisson,development_validation,1,conditional_over_no_push,"(0.6, 0.7]",2,0.6162303220286102,0.5,-0.11623032202861017
weighted,poisson,development_validation,2,conditional_over_no_push,"(0.3, 0.4]",3,0.39114893420487346,0.3333333333333333,-0.05781560087154014
weighted,poisson,development_validation,2,conditional_over_no_push,"(0.4, 0.5]",93,0.46138967456666524,0.5913978494623656,0.13000817489570038
weighted,poisson,development_validation,2,conditional_over_no_push,"(0.5, 0.6]",56,0.5243377332086852,0.5714285714285714,0.047090838219886244
weighted,poisson,development_validation,3,conditional_over_no_push,"(0.3, 0.4]",5,0.38948190224384527,0.8,0.4105180977561548
weighted,poisson,development_validation,3,conditional_over_no_push,"(0.4, 0.5]",105,0.4518214680979936,0.5714285714285714,0.11960710333057778
weighted,poisson,development_validation,3,conditional_over_no_push,"(0.5, 0.6]",32,0.521668062021474,0.5,-0.021668062021473977
weighted,poisson,development_validation,4,conditional_over_no_push,"(0.3, 0.4]",12,0.3832104010973389,0.16666666666666666,-0.21654373443067224
weighted,poisson,development_validation,4,conditional_over_no_push,"(0.4, 0.5]",82,0.44887174519437806,0.47560975609756095,0.026738010903182896
weighted,poisson,development_validation,4,conditional_over_no_push,"(0.5, 0.6]",60,0.5365353586754833,0.5166666666666667,-0.01986869200881658
weighted,poisson_simulation,development_validation,1,conditional_over_no_push,"(0.3, 0.4]",1,0.3280343931213757,0.0,-0.3280343931213757
weighted,poisson_simulation,development_validation,1,conditional_over_no_push,"(0.4, 0.5]",81,0.46356271809144056,0.5308641975308642,0.06730147943942366
weighted,poisson_simulation,development_validation,1,conditional_over_no_push,"(0.5, 0.6]",69,0.5320814301830373,0.42028985507246375,-0.11179157511057358
weighted,poisson_simulation,development_validation,1,conditional_over_no_push,"(0.6, 0.7]",2,0.6107778444311138,0.5,-0.11077784443111383
weighted,poisson_simulation,development_validation,2,conditional_over_no_push,"(0.3, 0.4]",4,0.3922604637235322,0.5,0.10773953627646782
weighted,poisson_simulation,development_validation,2,conditional_over_no_push,"(0.4, 0.5]",95,0.4613600807829302,0.5894736842105263,0.12811360342759603
weighted,poisson_simulation,development_validation,2,conditional_over_no_push,"(0.5, 0.6]",53,0.5254207973218128,0.5660377358490566,0.040616938527243795
weighted,poisson_simulation,development_validation,3,conditional_over_no_push,"(0.3, 0.4]",6,0.3905637261245037,0.6666666666666666,0.27610294054216294
weighted,poisson_simulation,development_validation,3,conditional_over_no_push,"(0.4, 0.5]",100,0.4492607909887,0.57,0.12073920901129997
weighted,poisson_simulation,development_validation,3,conditional_over_no_push,"(0.5, 0.6]",36,0.5218968938565659,0.5277777777777778,0.005880883921211888
weighted,poisson_simulation,development_validation,4,conditional_over_no_push,"(0.3, 0.4]",13,0.38305710427323203,0.3076923076923077,-0.07536479658092432
weighted,poisson_simulation,development_validation,4,conditional_over_no_push,"(0.4, 0.5]",82,0.44984578685096777,0.45121951219512196,0.0013737253441541974
weighted,poisson_simulation,development_validation,4,conditional_over_no_push,"(0.5, 0.6]",59,0.5361732729524172,0.5254237288135594,-0.01074954413885787
