game_id,game_date,total_line,actual_total,outcome_class,actual_under,actual_push,actual_over,over_decimal,under_decimal,source,method,period,fold,predicted_total,p_under,p_push,p_over
2025020529,2025-12-17,5.5,5,0,1.0,0.0,0.0,1.8333333333333335,2.0,production_total,direct_multinomial,outer_oos,1,5.675027914901077,0.6243889328801225,9.99999999999e-13,0.37561106711887743
2025020530,2025-12-17,6.0,5,0,1.0,0.0,0.0,1.9090909090909092,1.9090909090909092,production_total,direct_multinomial,outer_oos,1,6.611276793846281,0.3701394264011837,0.07376374523995803,0.5560968283588583
2025020531,2025-12-17,5.5,1,0,1.0,0.0,0.0,1.9090909090909092,1.9090909090909092,production_total,direct_multinomial,outer_oos,1,6.079395245591321,0.5553622317727401,9.99999999999e-13,0.4446377682262597
2025020532,2025-12-17,6.0,5,0,1.0,0.0,0.0,1.9090909090909092,1.9090909090909092,production_total,direct_multinomial,outer_oos,1,6.476205905822827,0.389813582033337,0.07786584313223499,0.5323205748344281
2025020533,2025-12-17,5.5,3,0,1.0,0.0,0.0,2.0,1.8333333333333335,production_total,direct_multinomial,outer_oos,1,5.988576777945609,0.5711544299041,9.99999999999e-13,0.4288455700948999
2025020534,2025-12-18,6.0,4,0,1.0,0.0,0.0,1.8,2.05,production_total,direct_multinomial,outer_oos,1,6.183633799351663,0.432676519793957,0.08686529521732414,0.4804581849887189
2025020535,2025-12-18,6.0,8,2,0.0,0.0,1.0,1.9090909090909092,1.9090909090909092,production_total,direct_multinomial,outer_oos,1,5.926892448702333,0.4699739341298104,0.0947722357288064,0.43525383014138325
2025020536,2025-12-18,5.5,5,0,1.0,0.0,0.0,1.847457627118644,1.9803921568627452,production_total,direct_multinomial,outer_oos,1,6.083213687731355,0.5546955650270198,9.999999999990001e-13,0.4453044349719802
2025020537,2025-12-18,6.0,4,0,1.0,0.0,0.0,1.847457627118644,1.9803921568627452,production_total,direct_multinomial,outer_oos,1,6.200190362834687,0.43025348419152826,0.08635416115701208,0.48339235465145974
2025020538,2025-12-18,5.5,3,0,1.0,0.0,0.0,1.8333333333333335,2.0,production_total,direct_multinomial,outer_oos,1,5.67331758476433,0.624672452687042,9.99999999999e-13,0.375327547311958
2025020539,2025-12-18,6.0,4,0,1.0,0.0,0.0,1.9090909090909092,1.9090909090909092,production_total,direct_multinomial,outer_oos,1,6.365177664039289,0.4060703377695884,0.08126873369734382,0.5126609285330678
2025020540,2025-12-18,6.0,7,2,0.0,0.0,1.0,1.8695652173913042,1.9523809523809523,production_total,direct_multinomial,outer_oos,1,6.51370718167074,0.38433657841039726,0.07672213072845989,0.5389412908611428
2025020541,2025-12-18,5.5,3,0,1.0,0.0,0.0,2.0,1.8333333333333335,production_total,direct_multinomial,outer_oos,1,5.8234356411419945,0.5994816207997564,9.99999999999e-13,0.4005183791992435
2025020542,2025-12-18,5.5,6,2,0.0,0.0,1.0,1.9523809523809523,1.8695652173913042,production_total,direct_multinomial,outer_oos,1,5.698826818690792,0.6204350361367096,9.999999999990001e-13,0.37956496386229044
2025020543,2025-12-18,6.0,8,2,0.0,0.0,1.0,1.8333333333333335,2.0,production_total,direct_multinomial,outer_oos,1,5.713587116906751,0.5002778981098249,0.1012552341483196,0.3984668677418555
2025020544,2025-12-19,5.5,7,2,0.0,0.0,1.0,1.8,2.05,production_total,direct_multinomial,outer_oos,1,6.300214888830482,0.5165581963156877,9.999999999990001e-13,0.48344180368331235
2025020545,2025-12-19,5.5,5,0,1.0,0.0,0.0,1.8,2.05,production_total,direct_multinomial,outer_oos,1,6.21000312829328,0.532461835002341,9.99999999999e-13,0.46753816499665896
2025020546,2025-12-19,6.0,5,0,1.0,0.0,0.0,1.9523809523809523,1.8695652173913042,production_total,direct_multinomial,outer_oos,1,6.347883314437098,0.4086058606931714,0.08180059182895724,0.5095935474778713
2025020547,2025-12-19,5.5,3,0,1.0,0.0,0.0,1.847457627118644,1.9803921568627452,production_total,direct_multinomial,outer_oos,1,6.364086013225474,0.5052759844498923,9.999999999990001e-13,0.4947240155491077
2025020548,2025-12-19,6.0,11,2,0.0,0.0,1.0,1.847457627118644,1.9803921568627452,production_total,direct_multinomial,outer_oos,1,6.221396928617875,0.42714821171168127,0.08569954465734408,0.48715224363097476
2025020549,2025-12-20,5.5,9,2,0.0,0.0,1.0,1.9090909090909092,1.9090909090909092,production_total,direct_multinomial,outer_oos,1,5.62531484141687,0.6325943481515226,9.999999999990001e-13,0.3674056518474775
2025020550,2025-12-20,6.0,7,2,0.0,0.0,1.0,1.9090909090909092,1.9090909090909092,production_total,direct_multinomial,outer_oos,1,6.515623003244899,0.38405703410488756,0.07666379254950793,0.5392791733456045
2025020551,2025-12-20,5.5,10,2,0.0,0.0,1.0,1.9090909090909092,1.9090909090909092,production_total,direct_multinomial,outer_oos,1,6.025698287851248,0.5647150791718359,9.99999999999e-13,0.43528492082716397
2025020552,2025-12-20,6.0,7,2,0.0,0.0,1.0,1.7692307692307692,2.05,production_total,direct_multinomial,outer_oos,1,6.462347875964713,0.39183973088444113,0.07828929185007365,0.5298709772654852
2025020553,2025-12-20,6.0,5,0,1.0,0.0,0.0,1.847457627118644,1.9803921568627452,production_total,direct_multinomial,outer_oos,1,6.126172261010089,0.44107435674625717,0.08863912892070278,0.4702865143330401
2025020554,2025-12-20,5.5,8,2,0.0,0.0,1.0,1.9090909090909092,1.9090909090909092,production_total,direct_multinomial,outer_oos,1,5.990731806844214,0.5707812400603013,9.99999999999e-13,0.4292187599386986
2025020555,2025-12-20,5.5,9,2,0.0,0.0,1.0,1.847457627118644,1.9803921568627452,production_total,direct_multinomial,outer_oos,1,5.951009245640356,0.5776467063984031,9.99999999999e-13,0.4223532936005969
2025020556,2025-12-20,6.0,4,0,1.0,0.0,0.0,1.847457627118644,1.9803921568627452,production_total,direct_multinomial,outer_oos,1,6.236050903032249,0.4250014792396132,0.08524727905865623,0.4897512417017307
2025020557,2025-12-20,5.5,10,2,0.0,0.0,1.0,1.9803921568627452,1.847457627118644,production_total,direct_multinomial,outer_oos,1,6.328513520906091,0.5115609179728227,9.99999999999e-13,0.48843908202617725
2025020558,2025-12-20,6.0,8,2,0.0,0.0,1.0,1.9090909090909092,1.9090909090909092,production_total,direct_multinomial,outer_oos,1,6.060100922997207,0.450701228877353,0.09067710458181298,0.45862166654083414
2025020559,2025-12-20,5.5,9,2,0.0,0.0,1.0,1.9090909090909092,1.9090909090909092,production_total,direct_multinomial,outer_oos,1,5.806814047671862,0.602299574581147,9.99999999999e-13,0.39770042541785283
2025020560,2025-12-20,6.5,7,2,0.0,0.0,1.0,1.8,2.05,production_total,direct_multinomial,outer_oos,1,6.724475991530277,0.4645310518891143,9.99999999999e-13,0.5354689481098855
2025020561,2025-12-20,5.5,6,2,0.0,0.0,1.0,1.8333333333333335,2.0,production_total,direct_multinomial,outer_oos,1,5.707927899100128,0.618918733904651,9.999999999990001e-13,0.38108126609434906
2025020562,2025-12-21,6.0,5,0,1.0,0.0,0.0,1.9090909090909092,1.9090909090909092,production_total,direct_multinomial,outer_oos,1,6.529749657570816,0.3819966134905114,0.0762339115460465,0.5417694749634421
2025020563,2025-12-21,6.0,6,1,0.0,1.0,0.0,1.9090909090909092,1.9090909090909092,production_total,direct_multinomial,outer_oos,1,6.516948253853483,0.3838636778659087,0.07662344304723541,0.5395128790868559
2025020564,2025-12-21,5.5,8,2,0.0,0.0,1.0,1.8695652173913042,1.9523809523809523,production_total,direct_multinomial,outer_oos,1,5.736309679097186,0.6141753426397387,9.99999999999e-13,0.3858246573592613
2025020565,2025-12-21,6.0,4,0,1.0,0.0,0.0,1.9090909090909092,1.9090909090909092,production_total,direct_multinomial,outer_oos,1,6.118592959111008,0.4421804583706372,0.08887303788257639,0.4689465037467864
2025020566,2025-12-21,6.5,7,2,0.0,0.0,1.0,1.9523809523809523,1.8695652173913042,production_total,direct_multinomial,outer_oos,1,6.246010046869391,0.5488750641279959,9.99999999999e-13,0.4511249358710041
2025020567,2025-12-21,5.5,3,0,1.0,0.0,0.0,1.847457627118644,1.9803921568627452,production_total,direct_multinomial,outer_oos,1,5.833243673353163,0.5978157037511331,9.99999999999e-13,0.40218429624786683
2025020568,2025-12-21,6.0,6,1,0.0,1.0,0.0,1.847457627118644,1.9803921568627452,production_total,direct_multinomial,outer_oos,1,5.991091307655115,0.4607119168357071,0.09280162978871825,0.4464864533755747
2025020569,2025-12-21,5.5,7,2,0.0,0.0,1.0,1.8,2.05,production_total,direct_multinomial,outer_oos,1,6.224698803468382,0.529874736772967,9.99999999999e-13,0.4701252632260329
2025020570,2025-12-21,6.0,7,2,0.0,0.0,1.0,1.8695652173913042,1.9523809523809523,production_total,direct_multinomial,outer_oos,1,6.376480422945421,0.4044135203498301,0.08092136011064056,0.5146651195395293
2025020571,2025-12-22,5.5,5,0,1.0,0.0,0.0,1.8333333333333335,2.0,production_total,direct_multinomial,outer_oos,1,6.033404983714168,0.563375406975553,9.999999999990001e-13,0.4366245930234471
2025020572,2025-12-22,5.5,7,2,0.0,0.0,1.0,1.9090909090909092,1.9090909090909092,production_total,direct_multinomial,outer_oos,1,6.017754576056669,0.5660949638365985,9.99999999999e-13,0.4339050361624015
2025020573,2025-12-22,6.5,4,0,1.0,0.0,0.0,1.9523809523809523,1.8695652173913042,production_total,direct_multinomial,outer_oos,1,6.21331442777186,0.554591502133257,9.99999999999e-13,0.4454084978657429
2025020574,2025-12-22,5.5,4,0,1.0,0.0,0.0,1.8333333333333335,2.0,production_total,direct_multinomial,outer_oos,1,6.11502294459938,0.5491345170774766,9.99999999999e-13,0.45086548292152323
2025020575,2025-12-23,6.0,9,2,0.0,0.0,1.0,1.8,2.05,production_total,direct_multinomial,outer_oos,1,6.329008065766108,0.4113735473171468,0.0823814997076759,0.5062449529751772
2025020576,2025-12-23,5.5,10,2,0.0,0.0,1.0,1.9090909090909092,1.9090909090909092,production_total,direct_multinomial,outer_oos,1,6.115984690634507,0.5489661815163224,9.99999999999e-13,0.45103381848267754
2025020577,2025-12-23,6.0,8,2,0.0,0.0,1.0,1.9523809523809523,1.8695652173913042,production_total,direct_multinomial,outer_oos,1,5.770003118811017,0.4923441229765395,0.0995524752682257,0.40810340175523474
2025020578,2025-12-23,6.0,5,0,1.0,0.0,0.0,1.847457627118644,1.9803921568627452,production_total,direct_multinomial,outer_oos,1,5.96539720960006,0.4644252542045243,0.09359110455515045,0.44198364124032524
2025020579,2025-12-23,6.0,7,2,0.0,0.0,1.0,1.8333333333333335,2.0,production_total,direct_multinomial,outer_oos,1,6.152835797192546,0.4371800368601544,0.0878160984768165,0.4750038646630291
2025020580,2025-12-23,6.0,3,0,1.0,0.0,0.0,1.847457627118644,1.9803921568627452,production_total,direct_multinomial,outer_oos,1,6.056981234132041,0.451154840427344,0.09077325451400833,0.4580719050586478
2025020581,2025-12-23,6.0,7,2,0.0,0.0,1.0,1.8695652173913042,1.9523809523809523,production_total,direct_multinomial,outer_oos,1,6.276114166552148,0.4191294649356968,0.08401135446118199,0.4968591806031213
2025020582,2025-12-23,6.0,5,0,1.0,0.0,0.0,1.8333333333333335,2.0,production_total,direct_multinomial,outer_oos,1,6.20377936281417,0.42972807521922535,0.08624336653843002,0.48402855824234453
2025020583,2025-12-23,5.5,4,0,1.0,0.0,0.0,1.8333333333333335,2.0,production_total,direct_multinomial,outer_oos,1,6.112318781801117,0.5496077695439939,9.99999999999e-13,0.450392230455006
2025020584,2025-12-23,6.0,1,0,1.0,0.0,0.0,1.7692307692307692,2.05,production_total,direct_multinomial,outer_oos,1,6.551859641848697,0.37877498539879745,0.07556214151232071,0.545662873088882
2025020585,2025-12-23,6.0,6,1,0.0,1.0,0.0,1.8,2.05,production_total,direct_multinomial,outer_oos,1,6.213803185631941,0.4282603636973092,0.08593393947516076,0.4858056968275301
2025020587,2025-12-23,5.5,5,0,1.0,0.0,0.0,1.9523809523809523,1.8695652173913042,production_total,direct_multinomial,outer_oos,1,5.5867141235324,0.6389133193434582,9.99999999999e-13,0.3610866806555418
2025020588,2025-12-27,5.5,2,0,1.0,0.0,0.0,1.8695652173913042,1.9523809523809523,production_total,direct_multinomial,outer_oos,1,5.915850576607383,0.5836985293464533,9.99999999999e-13,0.41630147065254663
2025020589,2025-12-27,6.0,5,0,1.0,0.0,0.0,1.8695652173913042,1.9523809523809523,production_total,direct_multinomial,outer_oos,1,5.871027221013763,0.4779863844118538,0.09648095932517155,0.4255326562629747
2025020590,2025-12-27,6.0,12,2,0.0,0.0,1.0,1.9090909090909092,1.9090909090909092,production_total,direct_multinomial,outer_oos,1,5.969164310681329,0.4638813453687865,0.09347541832676977,0.44264323630444385
2025020591,2025-12-27,6.0,6,1,0.0,1.0,0.0,2.0,1.8333333333333335,production_total,direct_multinomial,outer_oos,1,5.882752066686911,0.4763087222770486,0.09612287219314225,0.4275684055298092
2025020592,2025-12-27,6.0,7,2,0.0,0.0,1.0,1.9090909090909092,1.9090909090909092,production_total,direct_multinomial,outer_oos,1,6.409984916258317,0.3995041299298324,0.07989280153499997,0.5206030685351677
2025020593,2025-12-27,6.0,7,2,0.0,0.0,1.0,1.8695652173913042,1.9523809523809523,production_total,direct_multinomial,outer_oos,1,6.554142773955519,0.3784425466404714,0.07549284823176175,0.5460646051277669
2025020594,2025-12-27,6.0,7,2,0.0,0.0,1.0,1.9090909090909092,1.9090909090909092,production_total,direct_multinomial,outer_oos,1,6.102232731066676,0.4445665639109999,0.08937784986642502,0.466055586222575
2025020595,2025-12-27,5.5,5,0,1.0,0.0,0.0,1.847457627118644,1.9803921568627452,production_total,direct_multinomial,outer_oos,1,6.063633069578856,0.558112036089706,9.99999999999e-13,0.4418879639092939
2025020596,2025-12-27,5.5,7,2,0.0,0.0,1.0,1.8333333333333335,2.0,production_total,direct_multinomial,outer_oos,1,6.02526306682207,0.5647907066244126,9.999999999990001e-13,0.43520929337458747
2025020597,2025-12-27,6.0,7,2,0.0,0.0,1.0,1.8695652173913042,1.9523809523809523,production_total,direct_multinomial,outer_oos,1,6.067487308743608,0.4496268620022912,0.0904494202029867,0.45992371779472213
2025020598,2025-12-27,6.5,5,0,1.0,0.0,0.0,1.9803921568627452,1.847457627118644,production_total,direct_multinomial,outer_oos,1,6.18752775813218,0.5590899036283736,9.99999999999e-13,0.44091009637062634
2025020599,2025-12-27,6.0,9,2,0.0,0.0,1.0,1.9090909090909092,1.9090909090909092,production_total,direct_multinomial,outer_oos,1,6.097188086786259,0.44530189348001725,0.08953347900163684,0.4651646275183458
2025020600,2025-12-27,6.0,11,2,0.0,0.0,1.0,1.8695652173913042,1.9523809523809523,production_total,direct_multinomial,outer_oos,1,6.329983907235563,0.4112304531030535,0.08235145675366237,0.5064180901432841
2025020601,2025-12-28,6.0,5,0,1.0,0.0,0.0,1.8,2.05,production_total,direct_multinomial,outer_oos,1,6.325454769788596,0.4118945944608498,0.08249090305549059,0.5056145024836596
2025020602,2025-12-28,6.0,9,2,0.0,0.0,1.0,1.9090909090909092,1.9090909090909092,production_total,direct_multinomial,outer_oos,1,5.846190620287955,0.48153277582098336,0.09723846642414603,0.4212287577548706
2025020603,2025-12-28,6.0,6,1,0.0,1.0,0.0,1.9090909090909092,1.9090909090909092,production_total,direct_multinomial,outer_oos,1,6.492513215345341,0.38743079020683047,0.07736809899038671,0.5352011108027828
2025020604,2025-12-28,6.0,10,2,0.0,0.0,1.0,1.9090909090909092,1.9090909090909092,production_total,direct_multinomial,outer_oos,1,6.39445609089239,0.40177915918445894,0.08036929852046591,0.5178515422950752
2025020605,2025-12-28,5.5,5,0,1.0,0.0,0.0,1.8695652173913042,1.9523809523809523,production_total,direct_multinomial,outer_oos,1,5.813765493945237,0.6011218695393794,9.99999999999e-13,0.3988781304596205
2025020606,2025-12-29,6.0,5,0,1.0,0.0,0.0,1.8,2.05,production_total,direct_multinomial,outer_oos,1,6.290524061705507,0.4170167075080423,0.08356708255890509,0.49941620993305263
2025020607,2025-12-29,5.5,8,2,0.0,0.0,1.0,1.847457627118644,1.9803921568627452,production_total,direct_multinomial,outer_oos,1,6.23940380631898,0.5272843885944347,9.99999999999e-13,0.4727156114045652
2025020608,2025-12-29,6.0,5,0,1.0,0.0,0.0,2.0,1.8333333333333335,production_total,direct_multinomial,outer_oos,1,6.14737397134456,0.4379781344208451,0.08798470532769896,0.4740371602514559
2025020609,2025-12-29,6.0,4,0,1.0,0.0,0.0,1.8333333333333335,2.0,production_total,direct_multinomial,outer_oos,1,6.298699690338349,0.41581791139621416,0.08331509589651442,0.5008669927072714
2025020610,2025-12-29,6.0,6,1,0.0,1.0,0.0,1.8695652173913042,1.9523809523809523,production_total,direct_multinomial,outer_oos,1,6.131831773435296,0.4402481580653741,0.08846445316329488,0.47128738877133103
2025020611,2025-12-29,6.0,7,2,0.0,0.0,1.0,1.847457627118644,1.9803921568627452,production_total,direct_multinomial,outer_oos,1,6.038290798312918,0.4538704904636636,0.09134911090512576,0.4547803986312106
2025020612,2025-12-29,5.5,7,2,0.0,0.0,1.0,1.8333333333333335,2.0,production_total,direct_multinomial,outer_oos,1,6.24524919816233,0.5262542822043612,9.99999999999e-13,0.4737457177946388
2025020613,2025-12-29,6.0,3,0,1.0,0.0,0.0,1.9523809523809523,1.8695652173913042,production_total,direct_multinomial,outer_oos,1,5.702590946116589,0.5018165967031736,0.10158594087987273,0.39659746241695365
2025020614,2025-12-29,6.0,7,2,0.0,0.0,1.0,1.9090909090909092,1.9090909090909092,production_total,direct_multinomial,outer_oos,1,6.185988186575978,0.43233203657993163,0.08679260904735057,0.4808753543727177
2025020615,2025-12-29,6.5,9,2,0.0,0.0,1.0,1.8695652173913042,1.9523809523809523,production_total,direct_multinomial,outer_oos,1,6.309534011107195,0.5377330351659146,9.99999999999e-13,0.46226696483308527
2025020616,2025-12-29,5.5,5,0,1.0,0.0,0.0,1.8695652173913042,1.9523809523809523,production_total,direct_multinomial,outer_oos,1,6.0697364032664485,0.55704768685934,9.99999999999e-13,0.44295231313966
2025020617,2025-12-30,6.0,4,0,1.0,0.0,0.0,1.9523809523809523,1.8695652173913042,production_total,direct_multinomial,outer_oos,1,6.210456373532058,0.428750456410393,0.0860372501242597,0.4852122934653473
2025020618,2025-12-30,6.0,5,0,1.0,0.0,0.0,1.9090909090909092,1.9090909090909092,production_total,direct_multinomial,outer_oos,1,5.864078740663464,0.47897957369040045,0.09669302833447914,0.42432739797512053
2025020619,2025-12-30,6.0,6,1,0.0,1.0,0.0,1.9523809523809523,1.8695652173913042,production_total,direct_multinomial,outer_oos,1,6.697363374907271,0.35769732925034053,0.07117837268304536,0.5711242980666141
2025020620,2025-12-30,5.5,5,0,1.0,0.0,0.0,1.8,2.05,production_total,direct_multinomial,outer_oos,1,6.317941345478625,0.5134281910035903,9.99999999999e-13,0.48657180899540964
2025020621,2025-12-30,5.5,9,2,0.0,0.0,1.0,1.9803921568627452,1.847457627118644,production_total,direct_multinomial,outer_oos,1,6.064223137759507,0.5580091583243764,9.999999999990001e-13,0.4419908416746237
2025020622,2025-12-31,5.5,9,2,0.0,0.0,1.0,1.8333333333333335,2.0,production_total,direct_multinomial,outer_oos,1,6.104678375843464,0.5509444205391375,9.99999999999e-13,0.44905557945986246
2025020623,2025-12-31,6.0,6,1,0.0,1.0,0.0,1.9523809523809523,1.8695652173913042,production_total,direct_multinomial,outer_oos,1,6.099624431029697,0.444946786745735,0.08945831871855506,0.46559489453571
2025020624,2025-12-31,6.5,7,2,0.0,0.0,1.0,1.9090909090909092,1.9090909090909092,production_total,direct_multinomial,outer_oos,1,6.378299371442703,0.5256293888693535,9.999999999990001e-13,0.47437061112964657
2025020625,2025-12-31,6.0,7,2,0.0,0.0,1.0,1.8,2.05,production_total,direct_multinomial,outer_oos,1,6.081282777683157,0.44761894541004876,0.0900240599212019,0.4623569946687494
2025020626,2025-12-31,6.0,3,0,1.0,0.0,0.0,1.847457627118644,1.9803921568627452,production_total,direct_multinomial,outer_oos,1,6.227108813868242,0.426311533928257,0.08552324909496076,0.4881652169767823
2025020627,2025-12-31,6.0,5,0,1.0,0.0,0.0,1.8695652173913042,1.9523809523809523,production_total,direct_multinomial,outer_oos,1,6.461808470614508,0.39191861762301694,0.078305782347246,0.5297756000297371
2025020628,2025-12-31,6.0,5,0,1.0,0.0,0.0,1.847457627118644,1.9803921568627452,production_total,direct_multinomial,outer_oos,1,5.980299335177369,0.4622725787869958,0.09313334047536007,0.4445940807376443
2025020629,2025-12-31,6.0,7,2,0.0,0.0,1.0,1.8695652173913042,1.9523809523809523,production_total,direct_multinomial,outer_oos,1,6.395244878301168,0.4016635810042232,0.08034508522176623,0.5179913337740105
2025020630,2025-12-31,5.5,6,2,0.0,0.0,1.0,1.9090909090909092,1.9090909090909092,production_total,direct_multinomial,outer_oos,1,5.76787635552557,0.6088741165551717,9.99999999999e-13,0.3911258834438282
2025020631,2025-12-31,6.0,8,2,0.0,0.0,1.0,1.847457627118644,1.9803921568627452,production_total,direct_multinomial,outer_oos,1,6.143264531942102,0.43857849407296773,0.0881115595992341,0.4733099463277983
2025020632,2026-01-01,5.5,7,2,0.0,0.0,1.0,1.847457627118644,1.9803921568627452,production_total,direct_multinomial,outer_oos,1,6.238824377841689,0.5273864860874355,9.99999999999e-13,0.47261351391156436
2025020633,2026-01-01,6.0,9,2,0.0,0.0,1.0,1.9090909090909092,1.9090909090909092,production_total,direct_multinomial,outer_oos,1,6.301581947116827,0.4153952729820354,0.08322627407383407,0.5013784529441305
2025020634,2026-01-01,6.0,11,2,0.0,0.0,1.0,1.9090909090909092,1.9090909090909092,production_total,direct_multinomial,outer_oos,1,6.0211999583887605,0.45635059418826357,0.09187536999661423,0.45177403581512227
2025020635,2026-01-01,6.0,7,2,0.0,0.0,1.0,1.9090909090909092,1.9090909090909092,production_total,direct_multinomial,outer_oos,1,6.492481293889349,0.3874354528689301,0.07736907272667067,0.5351954744043992
2025020636,2026-01-01,6.0,12,2,0.0,0.0,1.0,1.9523809523809523,1.8695652173913042,production_total,direct_multinomial,outer_oos,1,6.364848433366346,0.406118601828763,0.0812788548426618,0.5126025433285751
2025020637,2026-01-01,5.5,7,2,0.0,0.0,1.0,1.847457627118644,1.9803921568627452,production_total,direct_multinomial,outer_oos,1,6.106405874634506,0.5506422668868705,9.99999999999e-13,0.4493577331121295
2025020638,2026-01-01,5.5,5,0,1.0,0.0,0.0,1.847457627118644,1.9803921568627452,production_total,direct_multinomial,outer_oos,1,5.880333583335668,0.5897865133470466,9.99999999999e-13,0.41021348665195334
2025020639,2026-01-01,5.5,8,2,0.0,0.0,1.0,1.8,2.05,production_total,direct_multinomial,outer_oos,1,5.647857346755373,0.628882775240559,9.99999999999e-13,0.37111722475844094
2025020640,2026-01-02,5.5,7,2,0.0,0.0,1.0,1.847457627118644,1.9803921568627452,production_total,direct_multinomial,outer_oos,1,6.139010771026487,0.5449326388234575,9.99999999999e-13,0.45506736117554236
2025020641,2026-01-02,5.5,6,2,0.0,0.0,1.0,1.8695652173913042,1.9523809523809523,production_total,direct_multinomial,outer_oos,1,5.701931808787761,0.6199179861346512,9.999999999990001e-13,0.38008201386434887
2025020642,2026-01-02,6.0,7,2,0.0,0.0,1.0,1.9523809523809523,1.8695652173913042,production_total,direct_multinomial,outer_oos,1,6.12431916940256,0.44134482973876105,0.08869632033645884,0.46995884992478004
2025020643,2026-01-02,6.5,7,2,0.0,0.0,1.0,1.9523809523809523,1.8695652173913042,production_total,direct_multinomial,outer_oos,1,6.543300947923019,0.49649086603228176,9.999999999990001e-13,0.5035091339667183
2025020644,2026-01-03,6.0,5,0,1.0,0.0,0.0,1.8333333333333335,2.0,production_total,direct_multinomial,outer_oos,1,6.455014618153213,0.39291233430552813,0.07851353354131299,0.5285741321531588
2025020645,2026-01-03,6.0,5,0,1.0,0.0,0.0,1.9523809523809523,1.8695652173913042,production_total,direct_multinomial,outer_oos,1,6.34660392301159,0.4087934482539432,0.08183995287305171,0.5093665988730051
2025020646,2026-01-03,6.5,6,0,1.0,0.0,0.0,1.9090909090909092,1.9090909090909092,production_total,direct_multinomial,outer_oos,1,6.486705684265453,0.5064926389779961,9.999999999990001e-13,0.493507361021004
2025020647,2026-01-03,6.0,7,2,0.0,0.0,1.0,1.847457627118644,1.9803921568627452,production_total,direct_multinomial,outer_oos,1,6.302101924246601,0.41531902584369124,0.08321025087527503,0.5014707232810337
2025020648,2026-01-03,6.0,2,0,1.0,0.0,0.0,1.9090909090909092,1.9090909090909092,production_total,direct_multinomial,outer_oos,1,6.115665652037536,0.4426075491081705,0.08896337254837132,0.4684290783434582
2025020649,2026-01-03,6.0,10,2,0.0,0.0,1.0,1.847457627118644,1.9803921568627452,production_total,direct_multinomial,outer_oos,1,5.966362730402823,0.46428586582831943,0.09356145587329122,0.4421526782983894
2025020650,2026-01-03,5.5,6,2,0.0,0.0,1.0,1.847457627118644,1.9803921568627452,production_total,direct_multinomial,outer_oos,1,5.873235968163384,0.5909998908712286,9.99999999999e-13,0.4090001091277713
2025020651,2026-01-03,6.0,7,2,0.0,0.0,1.0,1.9523809523809523,1.8695652173913042,production_total,direct_multinomial,outer_oos,1,6.21052652601602,0.4287401840335267,0.08603508460189466,0.4852247313645786
2025020652,2026-01-03,6.0,5,0,1.0,0.0,0.0,1.9803921568627452,1.847457627118644,production_total,direct_multinomial,outer_oos,1,6.519316886315426,0.3835181229176716,0.07655133698285206,0.5399305400994763
2025020653,2026-01-03,6.0,8,2,0.0,0.0,1.0,1.8695652173913042,1.9523809523809523,production_total,direct_multinomial,outer_oos,1,6.759717149639041,0.3487479383143547,0.06932288667092519,0.5819291750147201
2025020654,2026-01-03,5.5,7,2,0.0,0.0,1.0,1.847457627118644,1.9803921568627452,production_total,direct_multinomial,outer_oos,1,5.9386286379064215,0.579780525440178,9.99999999999e-13,0.4202194745588219
2025020655,2026-01-03,6.0,9,2,0.0,0.0,1.0,1.9523809523809523,1.8695652173913042,production_total,direct_multinomial,outer_oos,1,5.855791162950666,0.4801631357113077,0.09694582305539917,0.4228910412332931
2025020656,2026-01-03,6.0,5,0,1.0,0.0,0.0,1.9523809523809523,1.8695652173913042,production_total,direct_multinomial,outer_oos,1,6.043228631407649,0.4531533806094259,0.09119700817191215,0.455649611218662
2025020657,2026-01-04,6.0,7,2,0.0,0.0,1.0,1.9523809523809523,1.8695652173913042,production_total,direct_multinomial,outer_oos,1,6.006552050060811,0.45847367622876684,0.09232613983980828,0.44920018393142497
2025020658,2026-01-04,6.0,9,2,0.0,0.0,1.0,1.7407407407407407,2.1,production_total,direct_multinomial,outer_oos,1,6.635539081184641,0.36662372967632817,0.0730325268387748,0.560343743484897
2025020659,2026-01-04,6.0,3,0,1.0,0.0,0.0,1.8333333333333335,2.0,production_total,direct_multinomial,outer_oos,1,6.233796838802201,0.42533173309735706,0.08531684072598673,0.4893514261766562
2025020660,2026-01-04,6.0,4,0,1.0,0.0,0.0,1.8333333333333335,2.0,production_total,direct_multinomial,outer_oos,1,6.543390779493849,0.3800084974190823,0.07581929700264115,0.5441722055782766
2025020661,2026-01-04,6.0,5,0,1.0,0.0,0.0,1.9090909090909092,1.9090909090909092,production_total,direct_multinomial,outer_oos,1,6.205272627857681,0.42950945374368826,0.08619726925953398,0.4842932769967777
2025020662,2026-01-05,5.5,5,0,1.0,0.0,0.0,1.8695652173913042,1.9523809523809523,production_total,direct_multinomial,outer_oos,1,5.983868497713693,0.5719694884060995,9.999999999990001e-13,0.4280305115929005
2025020663,2026-01-05,6.5,11,2,0.0,0.0,1.0,2.0,1.8333333333333335,production_total,direct_multinomial,outer_oos,1,6.725162539775397,0.4644103294888679,9.99999999999e-13,0.535589670510132
2025020664,2026-01-05,6.0,8,2,0.0,0.0,1.0,1.847457627118644,1.9803921568627452,production_total,direct_multinomial,outer_oos,1,6.050294419654703,0.4521268063851821,0.09097931500865343,0.4568938786061646
2025020665,2026-01-05,5.5,6,2,0.0,0.0,1.0,1.847457627118644,1.9803921568627452,production_total,direct_multinomial,outer_oos,1,5.812704163814437,0.6013017547763311,9.999999999990001e-13,0.39869824522266906
2025020666,2026-01-05,5.5,6,2,0.0,0.0,1.0,1.8695652173913042,1.9523809523809523,production_total,direct_multinomial,outer_oos,1,5.8642424138015805,0.5925357973705877,9.99999999999e-13,0.40746420262841226
2025020667,2026-01-06,6.0,8,2,0.0,0.0,1.0,1.8695652173913042,1.9523809523809523,production_total,direct_multinomial,outer_oos,1,6.347825006845159,0.4086144098570846,0.0818023856427946,0.5095832045001208
2025020668,2026-01-06,6.0,6,1,0.0,1.0,0.0,1.8333333333333335,2.0,production_total,direct_multinomial,outer_oos,1,6.3550369355247645,0.4075570160303639,0.08158054622698704,0.5108624377426491
2025020669,2026-01-06,5.5,9,2,0.0,0.0,1.0,1.847457627118644,1.9803921568627452,production_total,direct_multinomial,outer_oos,1,6.202268907483291,0.5338227130451604,9.999999999990001e-13,0.4661772869538396
2025020670,2026-01-06,6.0,7,2,0.0,0.0,1.0,1.8695652173913042,1.9523809523809523,production_total,direct_multinomial,outer_oos,1,6.3368423897603945,0.4102247627086674,0.0821403375217126,0.50763489976962
2025020671,2026-01-06,6.0,9,2,0.0,0.0,1.0,1.9090909090909092,1.9090909090909092,production_total,direct_multinomial,outer_oos,1,6.360073241534128,0.40681864928522304,0.08142566972676128,0.5117556809880156
2025020672,2026-01-06,6.0,5,0,1.0,0.0,0.0,1.9523809523809523,1.8695652173913042,production_total,direct_multinomial,outer_oos,1,5.9927821872080855,0.4604672661020233,0.09274964284935552,0.44678309104862124
2025020673,2026-01-06,6.0,7,2,0.0,0.0,1.0,1.9090909090909092,1.9090909090909092,production_total,direct_multinomial,outer_oos,1,5.973101842944131,0.4633126361180023,0.09335447501138859,0.44333288887060923
2025020674,2026-01-06,6.0,8,2,0.0,0.0,1.0,1.7407407407407407,2.1,production_total,direct_multinomial,outer_oos,1,6.394247839447232,0.40180967381983174,0.08037569135410937,0.5178146348260588
2025020675,2026-01-06,6.5,7,2,0.0,0.0,1.0,1.8695652173913042,1.9523809523809523,production_total,direct_multinomial,outer_oos,1,6.4784970835050375,0.5079430582754622,9.99999999999e-13,0.4920569417235377
2025020676,2026-01-06,6.0,11,2,0.0,0.0,1.0,1.9523809523809523,1.8695652173913042,production_total,direct_multinomial,outer_oos,1,5.740129770225178,0.496553279606666,0.1004553502660953,0.40299137012723873
2025020677,2026-01-07,6.0,5,0,1.0,0.0,0.0,1.9523809523809523,1.8695652173913042,production_total,direct_multinomial,outer_oos,1,6.344465240512342,0.40910703123038605,0.08190575498432223,0.5089872137852917
2025020678,2026-01-07,6.0,5,0,1.0,0.0,0.0,1.9090909090909092,1.9090909090909092,production_total,direct_multinomial,outer_oos,1,6.01880285819626,0.45669819483458357,0.09194915510543696,0.45135265005997954
2025020679,2026-01-07,5.5,10,2,0.0,0.0,1.0,1.9803921568627452,1.847457627118644,production_total,direct_multinomial,outer_oos,1,6.25127643180638,0.5251918966938132,9.99999999999e-13,0.47480810330518675
2025020680,2026-01-07,6.0,4,0,1.0,0.0,0.0,1.9090909090909092,1.9090909090909092,production_total,direct_multinomial,outer_oos,1,6.062174082212167,0.45039973462602917,0.09061320437782631,0.45898706099614456
2025020681,2026-01-07,6.0,7,2,0.0,0.0,1.0,1.9523809523809523,1.8695652173913042,production_total,direct_multinomial,outer_oos,1,5.819929877901493,0.4852711410791529,0.09803779789921382,0.41669106102163317
2025020682,2026-01-08,5.5,5,0,1.0,0.0,0.0,1.847457627118644,1.9803921568627452,production_total,direct_multinomial,outer_oos,1,5.8222057898220605,0.5996903525861224,9.99999999999e-13,0.40030964741287756
2025020683,2026-01-08,6.0,8,2,0.0,0.0,1.0,1.9090909090909092,1.9090909090909092,production_total,direct_multinomial,outer_oos,1,5.9513758305580335,0.4664480983298834,0.09402149840431483,0.4395304032658018
2025020684,2026-01-08,6.0,6,1,0.0,1.0,0.0,1.9090909090909092,1.9090909090909092,production_total,direct_multinomial,outer_oos,1,6.359203888931278,0.4069461012363741,0.08145240162507589,0.51160149713855
2025020685,2026-01-08,6.0,7,2,0.0,0.0,1.0,1.847457627118644,1.9803921568627452,production_total,direct_multinomial,outer_oos,1,5.968496080487851,0.46397784028853345,0.09349594101530465,0.44252621869616193
2025020686,2026-01-08,6.0,3,0,1.0,0.0,0.0,1.8333333333333335,2.0,production_total,direct_multinomial,outer_oos,1,5.999919718612151,0.4594341753760548,0.09253015343040015,0.4480356711935451
2025020687,2026-01-08,6.0,5,0,1.0,0.0,0.0,1.9090909090909092,1.9090909090909092,production_total,direct_multinomial,outer_oos,1,6.401191829934174,0.40079225529431983,0.08016256514874887,0.5190451795569313
2025020688,2026-01-08,6.5,7,2,0.0,0.0,1.0,1.8695652173913042,1.9523809523809523,production_total,direct_multinomial,outer_oos,1,6.789394289716961,0.45313619255711884,9.99999999999e-13,0.5468638074418811
2025020689,2026-01-08,5.5,3,0,1.0,0.0,0.0,1.847457627118644,1.9803921568627452,production_total,direct_multinomial,outer_oos,1,6.209736055702905,0.532508836040635,9.99999999999e-13,0.4674911639583649
2025020690,2026-01-08,6.0,7,2,0.0,0.0,1.0,1.9090909090909092,1.9090909090909092,production_total,direct_multinomial,outer_oos,1,6.3743287088292035,0.40472890961870345,0.08098747561062322,0.5142836147706733
2025020691,2026-01-08,6.0,10,2,0.0,0.0,1.0,1.9523809523809523,1.8695652173913042,production_total,direct_multinomial,outer_oos,1,6.196794783681003,0.43075052605341,0.08645898676899175,0.48279048717759826
2025020692,2026-01-08,6.0,8,2,0.0,0.0,1.0,1.7407407407407407,2.1,production_total,direct_multinomial,outer_oos,1,6.48937065099648,0.3878898458513143,0.07746397153136647,0.5346461826173193
2025020693,2026-01-08,6.0,5,0,1.0,0.0,0.0,1.9523809523809523,1.8695652173913042,production_total,direct_multinomial,outer_oos,1,6.142345321063042,0.4387127694030654,0.08813993414693289,0.47314729645000164
2025020694,2026-01-09,6.0,6,1,0.0,1.0,0.0,1.9523809523809523,1.8695652173913042,production_total,direct_multinomial,outer_oos,1,6.504680267545931,0.3856540826330549,0.07699712863010699,0.5373487887368381
2025020695,2026-01-09,6.0,6,1,0.0,1.0,0.0,1.9523809523809523,1.8695652173913042,production_total,direct_multinomial,outer_oos,1,5.7401510329991385,0.49655029005296686,0.10045470859967758,0.4029950013473555
2025020696,2026-01-09,5.5,6,2,0.0,0.0,1.0,1.9090909090909092,1.9090909090909092,production_total,direct_multinomial,outer_oos,1,6.226075888709619,0.52963222352536,9.99999999999e-13,0.4703677764736399
2025020697,2026-01-10,5.5,12,2,0.0,0.0,1.0,1.8,2.05,production_total,direct_multinomial,outer_oos,1,5.690627220915114,0.621799135268242,9.99999999999e-13,0.37820086473075787
2025020698,2026-01-10,6.0,3,0,1.0,0.0,0.0,1.8695652173913042,1.9523809523809523,production_total,direct_multinomial,outer_oos,1,6.267958180973475,0.42032515104068274,0.08426288100161913,0.4954119679576981
2025020699,2026-01-10,6.5,4,0,1.0,0.0,0.0,1.7407407407407407,2.1,production_total,direct_multinomial,outer_oos,1,6.822100755118049,0.4474131478167067,9.99999999999e-13,0.5525868521822932
2025020700,2026-01-10,6.5,9,2,0.0,0.0,1.0,1.9090909090909092,1.9090909090909092,production_total,direct_multinomial,outer_oos,1,6.0584744672118545,0.5814432025106397,9.999999999990001e-13,0.4185567974883604
2025020701,2026-01-10,6.5,8,2,0.0,0.0,1.0,1.8,2.05,production_total,direct_multinomial,outer_oos,1,6.545865256708254,0.49603769587868557,9.99999999999e-13,0.5039623041203143
2025020702,2026-01-10,6.0,5,0,1.0,0.0,0.0,1.9523809523809523,1.8695652173913042,production_total,direct_multinomial,outer_oos,1,6.312349374990057,0.4138163615722298,0.08289452623069955,0.5032891121970707
2025020703,2026-01-10,6.0,4,0,1.0,0.0,0.0,1.8695652173913042,1.9523809523809523,production_total,direct_multinomial,outer_oos,1,6.242520589211313,0.42405349082597005,0.08504763358772072,0.49089887558630935
2025020704,2026-01-10,6.0,5,0,1.0,0.0,0.0,1.9090909090909092,1.9090909090909092,production_total,direct_multinomial,outer_oos,1,5.7356166062757925,0.4971876229148972,0.1005915162262622,0.4022208608588406
2025020705,2026-01-10,6.0,9,2,0.0,0.0,1.0,1.8695652173913042,1.9523809523809523,production_total,direct_multinomial,outer_oos,1,5.911245006313382,0.4722228875774794,0.09525146652418173,0.4325256458983389
2025020706,2026-01-10,6.0,5,0,1.0,0.0,0.0,1.847457627118644,1.9803921568627452,production_total,direct_multinomial,outer_oos,1,6.362234508133074,0.4065018008478399,0.08135921696746491,0.5121389821846952
2025020707,2026-01-10,6.0,3,0,1.0,0.0,0.0,1.9090909090909092,1.9090909090909092,production_total,direct_multinomial,outer_oos,1,6.2052559008792825,0.42951190270851164,0.08619778562094073,0.48429031167054754
2025020708,2026-01-10,5.5,7,2,0.0,0.0,1.0,1.847457627118644,1.9803921568627452,production_total,direct_multinomial,outer_oos,1,6.2700278785118,0.5218852723838777,9.99999999999e-13,0.4781147276151222
2025020709,2026-01-10,6.0,7,2,0.0,0.0,1.0,1.9090909090909092,1.9090909090909092,production_total,direct_multinomial,outer_oos,1,6.21508102589405,0.4280732308847107,0.08589449540817895,0.4860322737071104
2025020710,2026-01-10,5.5,6,2,0.0,0.0,1.0,1.847457627118644,1.9803921568627452,production_total,direct_multinomial,outer_oos,1,6.062512690797333,0.5583073592168523,9.999999999990001e-13,0.4416926407821478
2025020711,2026-01-11,5.5,7,2,0.0,0.0,1.0,1.8,2.05,production_total,direct_multinomial,outer_oos,2,6.132585710096522,0.47366750107188876,9.999999999990001e-13,0.5263324989271113
2025020712,2026-01-11,6.0,1,0,1.0,0.0,0.0,1.847457627118644,1.9803921568627452,production_total,direct_multinomial,outer_oos,2,6.172067527377006,0.42770950533392543,0.09218426472365178,0.48010622994242275
2025020713,2026-01-11,6.0,5,0,1.0,0.0,0.0,1.9090909090909092,1.9090909090909092,production_total,direct_multinomial,outer_oos,2,6.321836920892124,0.4117124939299759,0.09058637341272002,0.4977011326573041
2025020714,2026-01-11,6.0,5,0,1.0,0.0,0.0,1.9090909090909092,1.9090909090909092,production_total,direct_multinomial,outer_oos,2,6.605894835892469,0.3816645614401224,0.08732654630793533,0.5310088922519423
2025020715,2026-01-11,6.5,9,2,0.0,0.0,1.0,1.8333333333333335,2.0,production_total,direct_multinomial,outer_oos,2,6.094966517551101,0.5041189525604125,9.99999999999e-13,0.4958810474385874
2025020716,2026-01-12,6.0,7,2,0.0,0.0,1.0,1.9090909090909092,1.9090909090909092,production_total,direct_multinomial,outer_oos,2,6.039637100042859,0.44190340618761953,0.09352155671405642,0.46457503709832404
2025020717,2026-01-12,6.0,7,2,0.0,0.0,1.0,1.9090909090909092,1.9090909090909092,production_total,direct_multinomial,outer_oos,2,6.498492180052834,0.39296917726397546,0.08859248216998375,0.5184383405660409
2025020718,2026-01-12,5.5,6,2,0.0,0.0,1.0,1.9090909090909092,1.9090909090909092,production_total,direct_multinomial,outer_oos,2,5.916090343979213,0.5004255569692986,9.99999999999e-13,0.4995744430297014
2025020719,2026-01-12,6.0,6,1,0.0,1.0,0.0,1.9090909090909092,1.9090909090909092,production_total,direct_multinomial,outer_oos,2,5.979833323860525,0.4483207276759751,0.09410117469587044,0.4575780976281546
2025020720,2026-01-12,6.0,9,2,0.0,0.0,1.0,1.9090909090909092,1.9090909090909092,production_total,direct_multinomial,outer_oos,2,6.243201516669645,0.4201021373573094,0.09143634148562636,0.4884615211570642
2025020721,2026-01-12,6.0,7,2,0.0,0.0,1.0,1.9523809523809523,1.8695652173913042,production_total,direct_multinomial,outer_oos,2,6.318486504928363,0.4120694539457013,0.0906230737399044,0.49730747231439426
2025020722,2026-01-12,6.0,5,0,1.0,0.0,0.0,1.8695652173913042,1.9523809523809523,production_total,direct_multinomial,outer_oos,2,6.477842463751331,0.39515129067860066,0.08883135420067953,0.5160173551207198
2025020723,2026-01-12,6.5,7,2,0.0,0.0,1.0,1.9523809523809523,1.8695652173913042,production_total,direct_multinomial,outer_oos,2,6.383652180539236,0.46844799048769714,9.99999999999e-13,0.5315520095113028
2025020724,2026-01-12,5.5,4,0,1.0,0.0,0.0,1.8333333333333335,2.0,production_total,direct_multinomial,outer_oos,2,5.857405613648658,0.5076847856913586,9.99999999999e-13,0.49231521430764147
2025020725,2026-01-13,6.0,3,0,1.0,0.0,0.0,1.9090909090909092,1.9090909090909092,production_total,direct_multinomial,outer_oos,2,6.072431981184942,0.43838572613275584,0.09319721858845095,0.46841705527879324
2025020726,2026-01-13,6.0,3,0,1.0,0.0,0.0,1.847457627118644,1.9803921568627452,production_total,direct_multinomial,outer_oos,2,6.257534649348727,0.418571218678666,0.09128320620497733,0.4901455751163568
2025020727,2026-01-13,6.0,5,0,1.0,0.0,0.0,1.8695652173913042,1.9523809523809523,production_total,direct_multinomial,outer_oos,2,6.360801809303133,0.4075647118485071,0.09015643500888622,0.5022788531426067
2025020728,2026-01-13,6.0,8,2,0.0,0.0,1.0,1.8333333333333335,2.0,production_total,direct_multinomial,outer_oos,2,6.4240680006903235,0.4008455330364277,0.08944632824211257,0.5097081387214597
2025020729,2026-01-13,6.0,3,0,1.0,0.0,0.0,1.9523809523809523,1.8695652173913042,production_total,direct_multinomial,outer_oos,2,6.040141241315165,0.44184932097162916,0.09351660536060782,0.46463407366776305
2025020730,2026-01-13,6.0,3,0,1.0,0.0,0.0,1.9523809523809523,1.8695652173913042,production_total,direct_multinomial,outer_oos,2,6.408453290577647,0.40250199307332973,0.08962295361495087,0.5078750533117193
2025020731,2026-01-13,6.0,7,2,0.0,0.0,1.0,1.7692307692307692,2.05,production_total,direct_multinomial,outer_oos,2,6.419372213549085,0.4013435412449692,0.08949953758959912,0.5091569211654318
2025020732,2026-01-13,5.5,9,2,0.0,0.0,1.0,1.8695652173913042,1.9523809523809523,production_total,direct_multinomial,outer_oos,2,6.151885881364046,0.47128713369434916,9.999999999990001e-13,0.5287128663046509
2025020733,2026-01-13,6.0,7,2,0.0,0.0,1.0,1.9090909090909092,1.9090909090909092,production_total,direct_multinomial,outer_oos,2,6.219445547620214,0.4226410115906299,0.09168836552065719,0.4856706228887129
2025020734,2026-01-13,6.0,4,0,1.0,0.0,0.0,1.7692307692307692,2.05,production_total,direct_multinomial,outer_oos,2,6.334551489089824,0.41035829619367903,0.09044671060094396,0.49919499320537714
2025020735,2026-01-14,6.0,5,0,1.0,0.0,0.0,1.9523809523809523,1.8695652173913042,production_total,direct_multinomial,outer_oos,2,6.169470411710233,0.42798752098827564,0.09221118663826193,0.47980129237346253
2025020736,2026-01-14,6.0,7,2,0.0,0.0,1.0,1.9090909090909092,1.9090909090909092,production_total,direct_multinomial,outer_oos,2,6.029879442168719,0.44295027603789916,0.09361717661288743,0.4634325473492133
2025020737,2026-01-14,6.0,12,2,0.0,0.0,1.0,1.9523809523809523,1.8695652173913042,production_total,direct_multinomial,outer_oos,2,5.760397728672996,0.4718597638931251,0.09609261315389843,0.43204762295297644
2025020738,2026-01-14,6.0,5,0,1.0,0.0,0.0,1.9523809523809523,1.8695652173913042,production_total,direct_multinomial,outer_oos,2,5.809597287619224,0.4665868029146152,0.09566502598812358,0.4377481710972612
2025020739,2026-01-15,6.0,6,1,0.0,1.0,0.0,1.9090909090909092,1.9090909090909092,production_total,direct_multinomial,outer_oos,2,5.9729728761503065,0.4490570235597822,0.09416667778333945,0.45677629865687835
2025020740,2026-01-15,6.0,8,2,0.0,0.0,1.0,1.9090909090909092,1.9090909090909092,production_total,direct_multinomial,outer_oos,2,6.213669243369658,0.42325861263791514,0.09174930699790942,0.48499208036417546
2025020741,2026-01-15,6.0,9,2,0.0,0.0,1.0,1.9090909090909092,1.9090909090909092,production_total,direct_multinomial,outer_oos,2,6.127616729337457,0.43247007413164196,0.0926412476304343,0.47488867823792386
2025020742,2026-01-15,6.5,5,0,1.0,0.0,0.0,1.9090909090909092,1.9090909090909092,production_total,direct_multinomial,outer_oos,2,6.255651573570742,0.48424606212292215,9.999999999990001e-13,0.5157539378760779
2025020743,2026-01-15,6.0,5,0,1.0,0.0,0.0,1.8333333333333335,2.0,production_total,direct_multinomial,outer_oos,2,6.615925073304731,0.38061297498138696,0.08720636047661806,0.532180664541995
2025020744,2026-01-15,6.0,8,2,0.0,0.0,1.0,2.0,1.8333333333333335,production_total,direct_multinomial,outer_oos,2,6.22009871596587,0.4225711814394264,0.09168146606611707,0.48574735249445655
2025020745,2026-01-15,6.0,4,0,1.0,0.0,0.0,1.9090909090909092,1.9090909090909092,production_total,direct_multinomial,outer_oos,2,6.16423513683675,0.4285479974067838,0.09226537262503866,0.47918662996817746
2025020746,2026-01-15,6.0,3,0,1.0,0.0,0.0,1.8333333333333335,2.0,production_total,direct_multinomial,outer_oos,2,6.171365558985559,0.42778464785416137,0.09219154408582465,0.48002380806001405
2025020747,2026-01-15,6.0,1,0,1.0,0.0,0.0,1.8695652173913042,1.9523809523809523,production_total,direct_multinomial,outer_oos,2,6.4601948558133255,0.39701819106118785,0.08903431070292044,0.5139474982358917
2025020748,2026-01-15,6.0,11,2,0.0,0.0,1.0,1.8695652173913042,1.9523809523809523,production_total,direct_multinomial,outer_oos,2,6.098309229450897,0.4356111043057177,0.09293809445423479,0.4714508012400474
2025020749,2026-01-16,6.0,6,1,0.0,1.0,0.0,1.847457627118644,1.9803921568627452,production_total,direct_multinomial,outer_oos,2,6.204299820388424,0.4242606027531522,0.09184787358989628,0.4838915236569515
2025020750,2026-01-16,6.0,10,2,0.0,0.0,1.0,1.8695652173913042,1.9523809523809523,production_total,direct_multinomial,outer_oos,2,6.255049830334484,0.41883657070144065,0.0913098118066905,0.48985361749186895
2025020751,2026-01-16,5.5,5,0,1.0,0.0,0.0,1.847457627118644,1.9803921568627452,production_total,direct_multinomial,outer_oos,2,6.068736487064545,0.4815502240694149,9.99999999999e-13,0.5184497759295851
2025020752,2026-01-16,6.5,10,2,0.0,0.0,1.0,1.9090909090909092,1.9090909090909092,production_total,direct_multinomial,outer_oos,2,6.27911126285551,0.4813473294246478,9.99999999999e-13,0.5186526705743522
2025020753,2026-01-16,6.0,5,0,1.0,0.0,0.0,1.8695652173913042,1.9523809523809523,production_total,direct_multinomial,outer_oos,2,6.16829049415953,0.42811383425823313,0.09222340871170814,0.47966275703005873
2025020754,2026-01-17,6.0,9,2,0.0,0.0,1.0,1.8695652173913042,1.9523809523809523,production_total,direct_multinomial,outer_oos,2,6.250670403672376,0.419304298938594,0.09135664453007404,0.4893390565313319
2025020755,2026-01-17,6.0,9,2,0.0,0.0,1.0,1.8695652173913042,1.9523809523809523,production_total,direct_multinomial,outer_oos,2,5.903478113297917,0.4565156258853877,0.09481857503109163,0.4486657990835207
2025020756,2026-01-17,5.5,6,2,0.0,0.0,1.0,1.8695652173913042,1.9523809523809523,production_total,direct_multinomial,outer_oos,2,6.122106843212416,0.4749604101546413,9.99999999999e-13,0.5250395898443586
2025020757,2026-01-17,5.5,9,2,0.0,0.0,1.0,1.847457627118644,1.9803921568627452,production_total,direct_multinomial,outer_oos,2,6.1460266621742825,0.4720096416222262,9.99999999999e-13,0.5279903583767738
2025020758,2026-01-17,6.0,11,2,0.0,0.0,1.0,1.7407407407407407,2.1,production_total,direct_multinomial,outer_oos,2,6.005605745377231,0.4455548871901363,0.09385327711118796,0.4605918356986756
2025020759,2026-01-17,6.0,5,0,1.0,0.0,0.0,1.8695652173913042,1.9523809523809523,production_total,direct_multinomial,outer_oos,2,6.444775191718571,0.3986508821205299,0.08921073998361356,0.5121383778958566
2025020760,2026-01-17,6.5,7,2,0.0,0.0,1.0,1.8695652173913042,1.9523809523809523,production_total,direct_multinomial,outer_oos,2,6.612701777077034,0.44035584117276244,9.99999999999e-13,0.5596441588262375
2025020761,2026-01-17,5.5,7,2,0.0,0.0,1.0,1.847457627118644,1.9803921568627452,production_total,direct_multinomial,outer_oos,2,6.138459728478373,0.4729429031430703,9.99999999999e-13,0.5270570968559296
2025020762,2026-01-17,5.5,7,2,0.0,0.0,1.0,1.847457627118644,1.9803921568627452,production_total,direct_multinomial,outer_oos,2,6.144398144094502,0.47221047725843013,9.999999999990001e-13,0.52778952274057
2025020763,2026-01-17,6.0,7,2,0.0,0.0,1.0,1.8333333333333335,2.0,production_total,direct_multinomial,outer_oos,2,6.093682437559659,0.43610712200750723,0.09298463118697545,0.47090824680551735
2025020764,2026-01-17,6.5,6,0,1.0,0.0,0.0,1.9090909090909092,1.9090909090909092,production_total,direct_multinomial,outer_oos,2,6.575081370021723,0.4449485689849088,9.999999999990001e-13,0.5550514310140913
2025020765,2026-01-17,6.0,9,2,0.0,0.0,1.0,1.9090909090909092,1.9090909090909092,production_total,direct_multinomial,outer_oos,2,6.047098754617943,0.44110293365540865,0.0934481625937199,0.4654489037508715
2025020766,2026-01-17,6.0,3,0,1.0,0.0,0.0,1.8333333333333335,2.0,production_total,direct_multinomial,outer_oos,2,6.191386451236598,0.42564200952256853,0.0919831461216635,0.48237484435576805
2025020767,2026-01-18,6.0,5,0,1.0,0.0,0.0,1.8695652173913042,1.9523809523809523,production_total,direct_multinomial,outer_oos,2,6.040942111676167,0.44176340265069436,0.09350873749714815,0.4647278598521574
2025020768,2026-01-18,6.5,7,2,0.0,0.0,1.0,1.8695652173913042,1.9523809523809523,production_total,direct_multinomial,outer_oos,2,6.0853530963715095,0.5053081137694717,9.99999999999e-13,0.4946918862295282
2025020769,2026-01-18,6.0,5,0,1.0,0.0,0.0,1.847457627118644,1.9803921568627452,production_total,direct_multinomial,outer_oos,2,6.440275202897265,0.39912761152503556,0.0892620680081003,0.5116103204668642
2025020770,2026-01-19,6.0,3,0,1.0,0.0,0.0,1.847457627118644,1.9803921568627452,production_total,direct_multinomial,outer_oos,2,6.406590929252071,0.40269964433564165,0.08964396044950995,0.5076563952148485
2025020771,2026-01-19,6.0,7,2,0.0,0.0,1.0,1.8,2.05,production_total,direct_multinomial,outer_oos,2,6.4171400864116706,0.4015803092154949,0.08952480244901342,0.5088948883354917
2025020772,2026-01-19,6.0,9,2,0.0,0.0,1.0,1.8695652173913042,1.9523809523809523,production_total,direct_multinomial,outer_oos,2,6.237256160890202,0.420737364003448,0.09149962448651362,0.48776301151003837
2025020773,2026-01-19,6.0,5,0,1.0,0.0,0.0,1.8695652173913042,1.9523809523809523,production_total,direct_multinomial,outer_oos,2,6.089499991430293,0.4365555339013667,0.09302662163332755,0.4704178444653057
2025020774,2026-01-19,5.5,9,2,0.0,0.0,1.0,1.8,2.05,production_total,direct_multinomial,outer_oos,2,6.2540006347267125,0.45871718200938705,9.99999999999e-13,0.5412828179896129
2025020775,2026-01-19,6.0,3,0,1.0,0.0,0.0,1.9803921568627452,1.847457627118644,production_total,direct_multinomial,outer_oos,2,6.042111572909987,0.4416379426770708,0.09349724363756896,0.46486481368536026
2025020776,2026-01-19,6.0,2,0,1.0,0.0,0.0,1.8333333333333335,2.0,production_total,direct_multinomial,outer_oos,2,6.180458740720517,0.42681136258959257,0.09209709379848804,0.4810915436119194
2025020777,2026-01-19,6.0,3,0,1.0,0.0,0.0,1.8695652173913042,1.9523809523809523,production_total,direct_multinomial,outer_oos,2,6.1617809941496,0.4288107555719439,0.09229073503061193,0.4788985093974442
2025020778,2026-01-19,6.0,7,2,0.0,0.0,1.0,1.9523809523809523,1.8695652173913042,production_total,direct_multinomial,outer_oos,2,6.362385988843582,0.40739622329429315,0.09013883452279092,0.5024649421829159
2025020779,2026-01-19,6.5,8,2,0.0,0.0,1.0,1.9090909090909092,1.9090909090909092,production_total,direct_multinomial,outer_oos,2,6.247082799377715,0.48530511407902927,9.99999999999e-13,0.5146948859199707
2025020780,2026-01-20,6.0,7,2,0.0,0.0,1.0,1.9523809523809523,1.8695652173913042,production_total,direct_multinomial,outer_oos,2,6.250346005787095,0.4193389476787739,0.09136011058238665,0.4893009417388394
2025020781,2026-01-20,6.0,5,0,1.0,0.0,0.0,1.7692307692307692,2.05,production_total,direct_multinomial,outer_oos,2,6.13905546495943,0.431244588328058,0.09252442392461045,0.4762309877473316
2025020782,2026-01-20,6.5,5,0,1.0,0.0,0.0,1.9090909090909092,1.9090909090909092,production_total,direct_multinomial,outer_oos,2,6.294012739384853,0.47950670852527877,9.99999999999e-13,0.5204932914737211
2025020783,2026-01-20,6.0,8,2,0.0,0.0,1.0,1.9523809523809523,1.8695652173913042,production_total,direct_multinomial,outer_oos,2,5.9790457139802085,0.4484052569425469,0.09410870514575702,0.45748603791169606
2025020784,2026-01-20,6.0,8,2,0.0,0.0,1.0,1.8333333333333335,2.0,production_total,direct_multinomial,outer_oos,2,6.170515851261051,0.4278756068733735,0.0922003528187038,0.4799240403079228
2025020785,2026-01-20,6.0,4,0,1.0,0.0,0.0,1.9523809523809523,1.8695652173913042,production_total,direct_multinomial,outer_oos,2,6.097884272797505,0.4356566605037252,0.09294237243897963,0.4714009670572951
2025020786,2026-01-20,6.0,3,0,1.0,0.0,0.0,1.8695652173913042,1.9523809523809523,production_total,direct_multinomial,outer_oos,2,6.4890031704123246,0.39397158411525185,0.08870243438308152,0.5173259815016666
2025020787,2026-01-20,5.5,7,2,0.0,0.0,1.0,1.8333333333333335,2.0,production_total,direct_multinomial,outer_oos,2,5.8471105819396145,0.5089580211088032,9.999999999990001e-13,0.4910419788901968
2025020788,2026-01-21,6.0,3,0,1.0,0.0,0.0,1.847457627118644,1.9803921568627452,production_total,direct_multinomial,outer_oos,2,6.2517102911916345,0.41919323163357014,0.09134553099227864,0.48946123737415137
2025020789,2026-01-21,6.5,3,0,1.0,0.0,0.0,1.8,2.05,production_total,direct_multinomial,outer_oos,2,6.509273190695087,0.45300467721248344,9.99999999999e-13,0.5469953227865165
2025020790,2026-01-21,6.0,9,2,0.0,0.0,1.0,1.9090909090909092,1.9090909090909092,production_total,direct_multinomial,outer_oos,2,6.146132274203104,0.4304865576426943,0.09245187910232694,0.47706156325497884
2025020791,2026-01-21,6.0,5,0,1.0,0.0,0.0,1.9090909090909092,1.9090909090909092,production_total,direct_multinomial,outer_oos,2,6.199162045516889,0.4248101589362263,0.09190177396083121,0.48328806710294253
2025020792,2026-01-21,6.0,7,2,0.0,0.0,1.0,1.9523809523809523,1.8695652173913042,production_total,direct_multinomial,outer_oos,2,6.3959964273258345,0.4038243734049035,0.0897632217691702,0.5064124048259263
2025020793,2026-01-21,5.5,5,0,1.0,0.0,0.0,1.8333333333333335,2.0,production_total,direct_multinomial,outer_oos,2,6.1679320157528315,0.46930908871826743,9.99999999999e-13,0.5306909112807325
2025020794,2026-01-22,6.0,7,2,0.0,0.0,1.0,1.9090909090909092,1.9090909090909092,production_total,direct_multinomial,outer_oos,2,6.01926976406387,0.44408865613088283,0.0937206838391666,0.46219066002995063
2025020795,2026-01-22,6.5,6,0,1.0,0.0,0.0,1.9090909090909092,1.9090909090909092,production_total,direct_multinomial,outer_oos,2,6.198868338812721,0.49126633574568573,9.99999999999e-13,0.5087336642533141
2025020796,2026-01-22,6.0,7,2,0.0,0.0,1.0,1.8695652173913042,1.9523809523809523,production_total,direct_multinomial,outer_oos,2,6.377264397194757,0.4058143832745988,0.08997307705630006,0.5042125396691012
2025020797,2026-01-22,6.5,1,0,1.0,0.0,0.0,1.9523809523809523,1.8695652173913042,production_total,direct_multinomial,outer_oos,2,6.309364073187708,0.4776111037031293,9.999999999990001e-13,0.5223888962958707
2025020798,2026-01-22,6.0,8,2,0.0,0.0,1.0,1.8333333333333335,2.0,production_total,direct_multinomial,outer_oos,2,5.975591672020412,0.44877596020830696,0.09414169787061061,0.45708234192108244
2025020799,2026-01-22,6.0,3,0,1.0,0.0,0.0,1.9523809523809523,1.8695652173913042,production_total,direct_multinomial,outer_oos,2,6.04766380885976,0.4410423181631903,0.09344259497584748,0.46551508686096216
2025020800,2026-01-22,6.5,8,2,0.0,0.0,1.0,1.9523809523809523,1.8695652173913042,production_total,direct_multinomial,outer_oos,2,6.4984220628257106,0.45433553392302556,9.99999999999e-13,0.5456644660759744
2025020801,2026-01-22,6.0,7,2,0.0,0.0,1.0,1.9090909090909092,1.9090909090909092,production_total,direct_multinomial,outer_oos,2,6.272636032597769,0.41695902717273353,0.09112099278944115,0.49191998003782544
2025020802,2026-01-23,6.0,9,2,0.0,0.0,1.0,1.8695652173913042,1.9523809523809523,production_total,direct_multinomial,outer_oos,2,6.138337222160736,0.4313215288824109,0.09253177518067163,0.47614669593691755
2025020803,2026-01-23,6.0,3,0,1.0,0.0,0.0,1.9090909090909092,1.9090909090909092,production_total,direct_multinomial,outer_oos,2,6.145048650851143,0.4306026224715125,0.09246300071853016,0.47693437680995737
2025020804,2026-01-23,6.0,5,0,1.0,0.0,0.0,1.9523809523809523,1.8695652173913042,production_total,direct_multinomial,outer_oos,2,6.057433042393226,0.4399943944857965,0.09334612203036086,0.4666594834838427
2025020805,2026-01-23,6.5,10,2,0.0,0.0,1.0,1.9803921568627452,1.847457627118644,production_total,direct_multinomial,outer_oos,2,6.215181111434045,0.4892490665925367,9.99999999999e-13,0.5107509334064633
2025020806,2026-01-23,6.0,4,0,1.0,0.0,0.0,1.8695652173913042,1.9523809523809523,production_total,direct_multinomial,outer_oos,2,6.177342807091231,0.4271448511512389,0.09212949651819219,0.4807256523305689
2025020807,2026-01-23,6.0,9,2,0.0,0.0,1.0,1.9523809523809523,1.8695652173913042,production_total,direct_multinomial,outer_oos,2,6.311759787828294,0.4127862742156438,0.09069662874705342,0.4965170970373028
2025020808,2026-01-23,6.5,4,0,1.0,0.0,0.0,1.9090909090909092,1.9090909090909092,production_total,direct_multinomial,outer_oos,2,6.077800515591575,0.5062423116435004,9.99999999999e-13,0.49375768835549955
2025020809,2026-01-23,6.0,6,1,0.0,1.0,0.0,1.847457627118644,1.9803921568627452,production_total,direct_multinomial,outer_oos,2,6.271812401409161,0.41704693491066014,0.09112986285222702,0.49182320223711284
2025020810,2026-01-24,6.0,5,0,1.0,0.0,0.0,1.847457627118644,1.9803921568627452,production_total,direct_multinomial,outer_oos,2,6.248152879545802,0.41957320363787354,0.09138353234979535,0.4890432640123311
2025020811,2026-01-24,6.0,7,2,0.0,0.0,1.0,1.8695652173913042,1.9523809523809523,production_total,direct_multinomial,outer_oos,2,6.220067874398501,0.4225744786780649,0.09168179188554086,0.48574372943639427
2025020812,2026-01-24,6.5,7,2,0.0,0.0,1.0,1.9523809523809523,1.8695652173913042,production_total,direct_multinomial,outer_oos,2,6.096529149238935,0.5039256533495557,9.99999999999e-13,0.4960743466494443
2025020813,2026-01-24,6.0,5,0,1.0,0.0,0.0,1.847457627118644,1.9803921568627452,production_total,direct_multinomial,outer_oos,2,6.201301778552136,0.42458127558962894,0.09187933889208796,0.4835393855182831
2025020814,2026-01-24,6.5,13,2,0.0,0.0,1.0,1.9523809523809523,1.8695652173913042,production_total,direct_multinomial,outer_oos,2,6.331511083888406,0.47487750894739494,9.99999999999e-13,0.525122491051605
2025020815,2026-01-24,6.0,6,1,0.0,1.0,0.0,1.9090909090909092,1.9090909090909092,production_total,direct_multinomial,outer_oos,2,6.16275513067156,0.4287064557467189,0.09228067072525827,0.4790128735280229
2025020816,2026-01-24,5.5,9,2,0.0,0.0,1.0,1.9523809523809523,1.8695652173913042,production_total,direct_multinomial,outer_oos,2,5.961489176736464,0.4948094958455783,9.999999999990001e-13,0.5051905041534217
2025020817,2026-01-24,6.0,7,2,0.0,0.0,1.0,1.9523809523809523,1.8695652173913042,production_total,direct_multinomial,outer_oos,2,6.12752796965736,0.43247958444296924,0.09264215202336486,0.4748782635336659
2025020818,2026-01-24,6.5,11,2,0.0,0.0,1.0,1.9523809523809523,1.8695652173913042,production_total,direct_multinomial,outer_oos,2,6.500937497956423,0.45402696490622124,9.99999999999e-13,0.5459730350927787
2025020819,2026-01-25,6.5,5,0,1.0,0.0,0.0,1.8333333333333335,2.0,production_total,direct_multinomial,outer_oos,2,6.357236024240704,0.47170419217844506,9.999999999990001e-13,0.528295807820555
2025020820,2026-01-25,5.5,6,2,0.0,0.0,1.0,1.8,2.05,production_total,direct_multinomial,outer_oos,2,6.159141935930381,0.4703925472311098,9.999999999990001e-13,0.5296074527678902
2025020821,2026-01-25,6.0,8,2,0.0,0.0,1.0,1.7407407407407407,2.1,production_total,direct_multinomial,outer_oos,2,5.956456010379221,0.4508297379152567,0.09432353776463188,0.4548467243201115
2025020822,2026-01-25,6.0,5,0,1.0,0.0,0.0,1.847457627118644,1.9803921568627452,production_total,direct_multinomial,outer_oos,2,6.424395594921618,0.4008107947008006,0.08944261319612189,0.5097465921030776
2025020823,2026-01-25,6.0,6,1,0.0,1.0,0.0,1.9090909090909092,1.9090909090909092,production_total,direct_multinomial,outer_oos,2,6.102358209242702,0.43517706121677757,0.09289729610277021,0.4719256426804522
2025020824,2026-01-25,6.5,7,2,0.0,0.0,1.0,1.9090909090909092,1.9090909090909092,production_total,direct_multinomial,outer_oos,2,6.276825656792582,0.4816296920672037,9.99999999999e-13,0.5183703079317963
2025020825,2026-01-26,6.0,2,0,1.0,0.0,0.0,1.8695652173913042,1.9523809523809523,production_total,direct_multinomial,outer_oos,2,6.21409034755855,0.4232135848426584,0.09174486873609261,0.485041546421249
2025020826,2026-01-26,6.0,7,2,0.0,0.0,1.0,1.8333333333333335,2.0,production_total,direct_multinomial,outer_oos,2,5.960602692440133,0.4503846805854158,0.09428426897399796,0.4553310504405862
2025020827,2026-01-26,5.5,4,0,1.0,0.0,0.0,1.8333333333333335,2.0,production_total,direct_multinomial,outer_oos,2,6.149234484083495,0.4716140662167,9.999999999990001e-13,0.5283859337823
2025020829,2026-01-26,6.5,11,2,0.0,0.0,1.0,1.6896551724137931,2.1799999999999997,production_total,direct_multinomial,outer_oos,2,6.6152924757698015,0.44003993294666766,9.999999999990001e-13,0.5599600670523324
2025020830,2026-01-27,6.0,5,0,1.0,0.0,0.0,1.8333333333333335,2.0,production_total,direct_multinomial,outer_oos,2,6.063677293935365,0.43932464900828777,0.09328424708387219,0.46739110390783994
2025020831,2026-01-27,6.5,11,2,0.0,0.0,1.0,1.9090909090909092,1.9090909090909092,production_total,direct_multinomial,outer_oos,2,6.274208229604225,0.481953062129051,9.999999999990001e-13,0.518046937869949
2025020832,2026-01-27,6.5,5,0,1.0,0.0,0.0,1.9090909090909092,1.9090909090909092,production_total,direct_multinomial,outer_oos,2,6.169479708251396,0.4949012644516336,9.99999999999e-13,0.5050987355473663
2025020833,2026-01-27,5.5,4,0,1.0,0.0,0.0,1.8333333333333335,2.0,production_total,direct_multinomial,outer_oos,2,6.031525433906413,0.48614873358694055,9.99999999999e-13,0.5138512664120594
2025020834,2026-01-27,6.0,7,2,0.0,0.0,1.0,1.9523809523809523,1.8695652173913042,production_total,direct_multinomial,outer_oos,2,6.141854609871829,0.43094474536780464,0.09249575428808567,0.4765595003441096
2025020835,2026-01-27,6.0,7,2,0.0,0.0,1.0,2.0,1.8333333333333335,production_total,direct_multinomial,outer_oos,2,6.122240989415994,0.43304609593509963,0.09269596358407013,0.47425794048083036
2025020836,2026-01-27,5.5,7,2,0.0,0.0,1.0,1.8333333333333335,2.0,production_total,direct_multinomial,outer_oos,2,6.000005521184861,0.49004580337446335,9.999999999990001e-13,0.5099541966245367
2025020837,2026-01-27,6.0,7,2,0.0,0.0,1.0,1.847457627118644,1.9803921568627452,production_total,direct_multinomial,outer_oos,2,6.246753425124061,0.41972269316064775,0.0913984681171613,0.4888788387221909
2025020838,2026-01-27,6.0,7,2,0.0,0.0,1.0,1.7692307692307692,2.05,production_total,direct_multinomial,outer_oos,2,6.362111475135937,0.40742541889869943,0.09014188508459568,0.5024326960167049
2025020839,2026-01-27,6.0,6,1,0.0,1.0,0.0,2.0,1.8333333333333335,production_total,direct_multinomial,outer_oos,2,6.193407198742849,0.42542580907298894,0.0919620222305573,0.4826121686964538
2025020840,2026-01-28,6.0,8,2,0.0,0.0,1.0,1.8333333333333335,2.0,production_total,direct_multinomial,outer_oos,2,6.304514508710147,0.4135585634279264,0.09077566065351797,0.4956657759185556
2025020841,2026-01-28,6.5,7,2,0.0,0.0,1.0,1.9090909090909092,1.9090909090909092,production_total,direct_multinomial,outer_oos,2,6.231967140801681,0.4871736397334577,9.99999999999e-13,0.5128263602655422
2025020842,2026-01-28,6.0,7,2,0.0,0.0,1.0,1.9090909090909092,1.9090909090909092,production_total,direct_multinomial,outer_oos,2,6.079564032799252,0.4376209073397148,0.09312608165524158,0.4692530110050437
2025020843,2026-01-29,6.0,9,2,0.0,0.0,1.0,1.8333333333333335,2.0,production_total,direct_multinomial,outer_oos,2,5.963381344326729,0.4500864531603123,0.09425791324746935,0.4556556335922182
2025020844,2026-01-29,6.0,5,0,1.0,0.0,0.0,1.8333333333333335,2.0,production_total,direct_multinomial,outer_oos,2,6.055982482034058,0.4401499856054519,0.09336047216238234,0.4664895422321658
2025020845,2026-01-29,6.5,10,2,0.0,0.0,1.0,1.8333333333333335,2.0,production_total,direct_multinomial,outer_oos,2,6.405578149678203,0.46574730137116266,9.999999999990001e-13,0.5342526986278374
2025020846,2026-01-29,6.0,7,2,0.0,0.0,1.0,1.9523809523809523,1.8695652173913042,production_total,direct_multinomial,outer_oos,2,6.3595922722612785,0.4076933624830164,0.09016986684862346,0.5021367706683602
2025020847,2026-01-29,6.0,5,0,1.0,0.0,0.0,1.9523809523809523,1.8695652173913042,production_total,direct_multinomial,outer_oos,2,6.053618908806762,0.4404035145114041,0.09338383546378261,0.4662126500248133
2025020848,2026-01-29,6.0,5,0,1.0,0.0,0.0,1.9523809523809523,1.8695652173913042,production_total,direct_multinomial,outer_oos,2,6.179705083771622,0.426892021775992,0.09210493470918985,0.48100304351481815
2025020849,2026-01-29,6.0,3,0,1.0,0.0,0.0,1.9090909090909092,1.9090909090909092,production_total,direct_multinomial,outer_oos,2,6.08753073260263,0.4367666735020639,0.09304636701904509,0.4701869594788911
2025020850,2026-01-29,6.0,8,2,0.0,0.0,1.0,1.9090909090909092,1.9090909090909092,production_total,direct_multinomial,outer_oos,2,6.38105519407963,0.4054115249993865,0.0899307132043287,0.5046577617962849
2025020851,2026-01-29,5.5,9,2,0.0,0.0,1.0,1.8,2.05,production_total,direct_multinomial,outer_oos,2,6.463091520693004,0.43315903948882145,9.99999999999e-13,0.5668409605101785
2025020852,2026-01-29,5.5,9,2,0.0,0.0,1.0,1.847457627118644,1.9803921568627452,production_total,direct_multinomial,outer_oos,2,5.979305784918604,0.4926057723365162,9.99999999999e-13,0.5073942276624837
2025020853,2026-01-29,6.0,5,0,1.0,0.0,0.0,1.9523809523809523,1.8695652173913042,production_total,direct_multinomial,outer_oos,2,6.137669008630623,0.43139311113860057,0.09253861247985043,0.4760682763815491
2025020854,2026-01-29,6.5,7,2,0.0,0.0,1.0,1.8695652173913042,1.9523809523809523,production_total,direct_multinomial,outer_oos,2,6.527461734974813,0.4507754249765469,9.999999999990001e-13,0.5492245750224533
2025020855,2026-01-29,6.5,2,0,1.0,0.0,0.0,1.7692307692307692,2.05,production_total,direct_multinomial,outer_oos,2,6.565839867714102,0.4460782498326951,9.99999999999e-13,0.5539217501663047
2025020856,2026-01-29,6.0,9,2,0.0,0.0,1.0,1.847457627118644,1.9803921568627452,production_total,direct_multinomial,outer_oos,2,6.05176585514534,0.4406022871691728,0.09340213584557026,0.465995576985257
2025020857,2026-01-29,6.0,7,2,0.0,0.0,1.0,1.9523809523809523,1.8695652173913042,production_total,direct_multinomial,outer_oos,2,6.143555467932117,0.43076255875468195,0.09247831790239157,0.47675912334292647
2025020858,2026-01-30,6.0,6,1,0.0,1.0,0.0,1.8,2.05,production_total,direct_multinomial,outer_oos,2,6.474593805577115,0.39549482052927676,0.08886879798752699,0.5156363814831963
2025020859,2026-01-31,5.5,5,0,1.0,0.0,0.0,1.9523809523809523,1.8695652173913042,production_total,direct_multinomial,outer_oos,2,5.906898769255078,0.5015626332084236,9.99999999999e-13,0.4984373667905763
2025020860,2026-01-31,6.5,5,0,1.0,0.0,0.0,1.9090909090909092,1.9090909090909092,production_total,direct_multinomial,outer_oos,2,6.428660990125688,0.46290628799885386,9.999999999990001e-13,0.5370937120001462
2025020861,2026-01-31,6.0,11,2,0.0,0.0,1.0,1.7407407407407407,2.1,production_total,direct_multinomial,outer_oos,2,6.24792092173823,0.41959798087606504,0.09138600846689648,0.4890160106570384
2025020862,2026-01-31,6.0,3,0,1.0,0.0,0.0,1.9090909090909092,1.9090909090909092,production_total,direct_multinomial,outer_oos,2,5.981281321501045,0.4481653236752409,0.09408732314938906,0.45774735317537013
2025020863,2026-01-31,6.0,5,0,1.0,0.0,0.0,1.8695652173913042,1.9523809523809523,production_total,direct_multinomial,outer_oos,2,6.1137419048152175,0.43395690680556415,0.09278222591595611,0.47326086727847977
2025020864,2026-01-31,6.0,7,2,0.0,0.0,1.0,1.9523809523809523,1.8695652173913042,production_total,direct_multinomial,outer_oos,2,6.476140932342188,0.3953312115136817,0.08885097055503857,0.5158178179312797
2025020865,2026-01-31,6.5,6,0,1.0,0.0,0.0,1.8333333333333335,2.0,production_total,direct_multinomial,outer_oos,2,6.3263444362820005,0.4755150971580756,9.999999999990001e-13,0.5244849028409244
2025020866,2026-01-31,6.0,5,0,1.0,0.0,0.0,1.9523809523809523,1.8695652173913042,production_total,direct_multinomial,outer_oos,2,6.097771047582968,0.4356687985237237,0.0929435121356817,0.4713876893405946
2025020867,2026-01-31,5.5,7,2,0.0,0.0,1.0,1.8,2.05,production_total,direct_multinomial,outer_oos,2,6.185713065549606,0.46711830498210655,9.99999999999e-13,0.5328816950168934
2025020868,2026-01-31,6.0,8,2,0.0,0.0,1.0,1.8333333333333335,2.0,production_total,direct_multinomial,outer_oos,2,6.338521957354352,0.4099355557526838,0.09040297168346637,0.4996614725638498
2025020869,2026-01-31,6.5,5,0,1.0,0.0,0.0,1.9090909090909092,1.9090909090909092,production_total,direct_multinomial,outer_oos,2,6.375836805986438,0.4694110895364464,9.99999999999e-13,0.5305889104625535
2025020870,2026-01-31,5.5,5,0,1.0,0.0,0.0,1.8,2.05,production_total,direct_multinomial,outer_oos,2,6.174823569034857,0.4684598428982625,9.99999999999e-13,0.5315401571007374
2025020871,2026-01-31,6.5,10,2,0.0,0.0,1.0,1.847457627118644,1.9803921568627452,production_total,direct_multinomial,outer_oos,2,6.522829731354007,0.4513429557994779,9.99999999999e-13,0.5486570441995221
2025020872,2026-01-31,6.0,5,0,1.0,0.0,0.0,1.8695652173913042,1.9523809523809523,production_total,direct_multinomial,outer_oos,2,6.080617581492631,0.43750793442903435,0.09311555515462996,0.4693765104163356
2025020873,2026-02-01,6.0,11,2,0.0,0.0,1.0,1.9090909090909092,1.9090909090909092,production_total,direct_multinomial,outer_oos,2,6.049757457160766,0.44081772779725686,0.09342195392046396,0.4657603182822791
2025020874,2026-02-01,6.0,5,0,1.0,0.0,0.0,1.9803921568627452,1.847457627118644,production_total,direct_multinomial,outer_oos,2,6.210432774484286,0.4236046993686135,0.09178339440310565,0.4846119062282808
2025020875,2026-02-01,6.5,7,2,0.0,0.0,1.0,1.8333333333333335,2.0,production_total,direct_multinomial,outer_oos,2,6.391244867929464,0.4675125584715744,9.99999999999e-13,0.5324874415274254
2025020876,2026-02-02,6.0,8,2,0.0,0.0,1.0,1.847457627118644,1.9803921568627452,production_total,empirical_residual,outer_oos,3,6.13434472771241,0.4219269102990033,0.11096345514950166,0.467109634551495
2025020877,2026-02-02,6.0,5,0,1.0,0.0,0.0,1.8,2.05,production_total,empirical_residual,outer_oos,3,6.254273000875297,0.4112956810631229,0.10431893687707641,0.48438538205980064
2025020878,2026-02-02,6.0,5,0,1.0,0.0,0.0,1.8333333333333335,2.0,production_total,empirical_residual,outer_oos,3,6.346400309042814,0.4033222591362126,0.10564784053156147,0.49102990033222593
2025020879,2026-02-02,6.5,7,2,0.0,0.0,1.0,1.9523809523809523,1.8695652173913042,production_total,empirical_residual,outer_oos,3,6.320277564704538,0.5099734042553191,0.0,0.4900265957446808
2025020880,2026-02-02,6.0,11,2,0.0,0.0,1.0,1.9803921568627452,1.847457627118644,production_total,empirical_residual,outer_oos,3,6.10365443041044,0.4219269102990033,0.11760797342192691,0.4604651162790698
2025020881,2026-02-02,6.0,9,2,0.0,0.0,1.0,1.847457627118644,1.9803921568627452,production_total,empirical_residual,outer_oos,3,6.265601807692072,0.40996677740863785,0.10431893687707641,0.4857142857142857
2025020882,2026-02-02,5.5,7,2,0.0,0.0,1.0,1.8333333333333335,2.0,production_total,empirical_residual,outer_oos,3,5.962998869710178,0.4434840425531915,0.0,0.5565159574468086
2025020883,2026-02-02,6.0,2,0,1.0,0.0,0.0,1.8,2.05,production_total,empirical_residual,outer_oos,3,6.457451144965087,0.3847176079734219,0.1122923588039867,0.5029900332225914
2025020884,2026-02-02,6.5,8,2,0.0,0.0,1.0,1.9523809523809523,1.8695652173913042,production_total,empirical_residual,outer_oos,3,6.425760566643258,0.49800531914893614,0.0,0.5019946808510638
2025020885,2026-02-02,6.0,6,1,0.0,1.0,0.0,1.8333333333333335,2.0,production_total,empirical_residual,outer_oos,3,6.147625182649006,0.4219269102990033,0.11096345514950166,0.467109634551495
2025020886,2026-02-03,6.0,7,2,0.0,0.0,1.0,1.7692307692307692,2.05,production_total,empirical_residual,outer_oos,3,6.2645803290113395,0.40996677740863785,0.10431893687707641,0.4857142857142857
2025020887,2026-02-03,6.0,3,0,1.0,0.0,0.0,1.8333333333333335,2.0,production_total,empirical_residual,outer_oos,3,6.4339331223214185,0.386046511627907,0.1122923588039867,0.5016611295681063
2025020888,2026-02-03,6.0,9,2,0.0,0.0,1.0,1.9523809523809523,1.8695652173913042,production_total,empirical_residual,outer_oos,3,6.408279323371627,0.38870431893687707,0.11096345514950166,0.5003322259136213
2025020889,2026-02-03,6.0,6,1,0.0,1.0,0.0,1.8695652173913042,1.9523809523809523,production_total,empirical_residual,outer_oos,3,6.181063381698164,0.41661129568106314,0.11362126245847176,0.4697674418604651
2025020890,2026-02-03,6.5,7,2,0.0,0.0,1.0,1.9523809523809523,1.8695652173913042,production_total,empirical_residual,outer_oos,3,6.282900262219547,0.5126329787234043,0.0,0.48736702127659576
2025020891,2026-02-03,6.5,7,2,0.0,0.0,1.0,1.7407407407407407,2.1,production_total,empirical_residual,outer_oos,3,6.5772979482946665,0.4860372340425532,0.0,0.5139627659574468
2025020892,2026-02-03,6.5,6,0,1.0,0.0,0.0,1.9090909090909092,1.9090909090909092,production_total,empirical_residual,outer_oos,3,6.286176286997619,0.5126329787234043,0.0,0.48736702127659576
2025020893,2026-02-04,6.0,9,2,0.0,0.0,1.0,1.8695652173913042,1.9523809523809523,production_total,empirical_residual,outer_oos,3,5.973729738436517,0.4418604651162791,0.1282392026578073,0.4299003322259136
2025020894,2026-02-04,6.0,4,0,1.0,0.0,0.0,1.7692307692307692,2.05,production_total,empirical_residual,outer_oos,3,6.437388610656765,0.386046511627907,0.11096345514950166,0.5029900332225914
2025020895,2026-02-04,6.0,6,1,0.0,1.0,0.0,1.8695652173913042,1.9523809523809523,production_total,empirical_residual,outer_oos,3,6.170602445700549,0.41794019933554816,0.11495016611295682,0.467109634551495
2025020896,2026-02-04,6.0,11,2,0.0,0.0,1.0,1.847457627118644,1.9803921568627452,production_total,empirical_residual,outer_oos,3,6.305552529905344,0.40863787375415284,0.10299003322259136,0.4883720930232558
2025020897,2026-02-04,6.5,6,0,1.0,0.0,0.0,1.7407407407407407,2.1,production_total,empirical_residual,outer_oos,3,6.404002997011529,0.49933510638297873,0.0,0.5006648936170213
2025020898,2026-02-04,6.0,5,0,1.0,0.0,0.0,1.9090909090909092,1.9090909090909092,production_total,empirical_residual,outer_oos,3,6.3165537858155405,0.4046511627906977,0.10564784053156147,0.48970099667774086
2025020899,2026-02-04,6.0,9,2,0.0,0.0,1.0,1.9523809523809523,1.8695652173913042,production_total,empirical_residual,outer_oos,3,6.019983372805834,0.4325581395348837,0.12558139534883722,0.4418604651162791
2025020900,2026-02-04,6.5,7,2,0.0,0.0,1.0,1.9090909090909092,1.9090909090909092,production_total,empirical_residual,outer_oos,3,6.417063093206317,0.49800531914893614,0.0,0.5019946808510638
2025020901,2026-02-04,6.0,7,2,0.0,0.0,1.0,1.8,2.05,production_total,empirical_residual,outer_oos,3,6.320564230210319,0.4046511627906977,0.10564784053156147,0.48970099667774086
2025020902,2026-02-04,5.5,6,2,0.0,0.0,1.0,1.8695652173913042,1.9523809523809523,production_total,empirical_residual,outer_oos,3,5.930385136683967,0.44481382978723405,0.0,0.555186170212766
2025020903,2026-02-05,6.5,7,2,0.0,0.0,1.0,1.9090909090909092,1.9090909090909092,production_total,empirical_residual,outer_oos,3,6.455993881954138,0.4966755319148936,0.0,0.5033244680851064
2025020904,2026-02-05,6.0,7,2,0.0,0.0,1.0,1.9090909090909092,1.9090909090909092,production_total,empirical_residual,outer_oos,3,6.016978224562747,0.4325581395348837,0.12558139534883722,0.4418604651162791
2025020905,2026-02-05,5.5,4,0,1.0,0.0,0.0,1.9803921568627452,1.847457627118644,production_total,empirical_residual,outer_oos,3,6.243830553190468,0.4115691489361702,0.0,0.5884308510638298
2025020906,2026-02-05,6.0,2,0,1.0,0.0,0.0,1.9090909090909092,1.9090909090909092,production_total,empirical_residual,outer_oos,3,6.2844283501616465,0.40996677740863785,0.10299003322259136,0.4870431893687708
2025020907,2026-02-05,6.0,3,0,1.0,0.0,0.0,1.9090909090909092,1.9090909090909092,production_total,empirical_residual,outer_oos,3,5.992787434192754,0.4378737541528239,0.1282392026578073,0.43388704318936877
2025020908,2026-02-05,6.0,6,1,0.0,1.0,0.0,1.847457627118644,1.9803921568627452,production_total,empirical_residual,outer_oos,3,6.389817143069861,0.3940199335548173,0.10830564784053157,0.49767441860465117
2025020909,2026-02-05,6.0,5,0,1.0,0.0,0.0,1.9090909090909092,1.9090909090909092,production_total,empirical_residual,outer_oos,3,6.012233190541071,0.43388704318936877,0.12691029900332226,0.439202657807309
2025020910,2026-02-25,5.5,3,0,1.0,0.0,0.0,1.7407407407407407,2.1399999999999997,production_total,empirical_residual,outer_oos,3,6.280223147041001,0.4102393617021276,0.0,0.5897606382978724
2025020911,2026-02-25,6.5,4,0,1.0,0.0,0.0,2.1,1.7692307692307692,production_total,empirical_residual,outer_oos,3,6.211946907360072,0.5232712765957447,0.0,0.4767287234042553
2025020912,2026-02-25,6.5,6,0,1.0,0.0,0.0,2.1,1.7692307692307692,production_total,empirical_residual,outer_oos,3,6.210152478552262,0.5232712765957447,0.0,0.4767287234042553
2025020913,2026-02-25,5.5,5,0,1.0,0.0,0.0,1.9090909090909092,1.9090909090909092,production_total,empirical_residual,outer_oos,3,5.989740280966559,0.43949468085106386,0.0,0.5605053191489362
2025020914,2026-02-25,5.5,6,2,0.0,0.0,1.0,1.7407407407407407,2.1399999999999997,production_total,empirical_residual,outer_oos,3,6.455311974370016,0.3849734042553191,0.0,0.6150265957446809
2025020915,2026-02-25,6.5,5,0,1.0,0.0,0.0,2.1,1.7692307692307692,production_total,empirical_residual,outer_oos,3,6.269246841678457,0.5126329787234043,0.0,0.48736702127659576
2025020916,2026-02-25,5.5,10,2,0.0,0.0,1.0,1.847457627118644,1.9803921568627452,production_total,empirical_residual,outer_oos,3,6.0067769051328845,0.4368351063829787,0.0,0.5631648936170213
2025020917,2026-02-25,6.5,11,2,0.0,0.0,1.0,1.8695652173913042,1.9523809523809523,production_total,empirical_residual,outer_oos,3,6.7058129094581815,0.47007978723404253,0.0,0.5299202127659575
2025020918,2026-02-26,6.5,6,0,1.0,0.0,0.0,2.0,1.8333333333333335,production_total,empirical_residual,outer_oos,3,6.313577481209356,0.5099734042553191,0.0,0.4900265957446808
2025020919,2026-02-26,6.5,7,2,0.0,0.0,1.0,2.1,1.7692307692307692,production_total,empirical_residual,outer_oos,3,6.297299973171583,0.5113031914893618,0.0,0.4886968085106383
2025020920,2026-02-26,5.5,3,0,1.0,0.0,0.0,1.7407407407407407,2.1399999999999997,production_total,empirical_residual,outer_oos,3,6.104962603864218,0.42220744680851063,0.0,0.5777925531914894
2025020921,2026-02-26,6.5,6,0,1.0,0.0,0.0,2.05,1.8,production_total,empirical_residual,outer_oos,3,6.1296082510335435,0.5325797872340425,0.0,0.4674202127659574
2025020922,2026-02-26,5.5,5,0,1.0,0.0,0.0,1.8,2.05,production_total,empirical_residual,outer_oos,3,6.381211034563408,0.3969414893617021,0.0,0.6030585106382979
2025020923,2026-02-26,6.5,9,2,0.0,0.0,1.0,2.1,1.7692307692307692,production_total,empirical_residual,outer_oos,3,6.369232469962441,0.5046542553191489,0.0,0.4953457446808511
2025020924,2026-02-26,5.5,5,0,1.0,0.0,0.0,1.7407407407407407,2.1399999999999997,production_total,empirical_residual,outer_oos,3,5.960837460749705,0.4434840425531915,0.0,0.5565159574468086
2025020925,2026-02-26,5.5,6,2,0.0,0.0,1.0,1.8,2.05,production_total,empirical_residual,outer_oos,3,6.0155929482200525,0.4341755319148936,0.0,0.5658244680851063
2025020926,2026-02-26,6.5,6,0,1.0,0.0,0.0,2.1399999999999997,1.7407407407407407,production_total,empirical_residual,outer_oos,3,6.2922388862795,0.5113031914893618,0.0,0.4886968085106383
2025020927,2026-02-26,6.5,7,2,0.0,0.0,1.0,1.9523809523809523,1.8695652173913042,production_total,empirical_residual,outer_oos,3,6.501017125917545,0.4900265957446808,0.0,0.5099734042553191
2025020928,2026-02-26,6.5,5,0,1.0,0.0,0.0,1.9803921568627452,1.847457627118644,production_total,empirical_residual,outer_oos,3,6.178144114758978,0.5325797872340425,0.0,0.4674202127659574
2025020929,2026-02-26,6.5,9,2,0.0,0.0,1.0,1.8928571428571428,1.925925925925926,production_total,empirical_residual,outer_oos,3,6.339150502038911,0.5099734042553191,0.0,0.4900265957446808
2025020930,2026-02-27,6.5,5,0,1.0,0.0,0.0,2.05,1.8,production_total,empirical_residual,outer_oos,3,6.112286517209802,0.5378989361702128,0.0,0.4621010638297873
2025020931,2026-02-27,5.5,5,0,1.0,0.0,0.0,1.7692307692307692,2.1,production_total,empirical_residual,outer_oos,3,6.311343401176972,0.4075797872340426,0.0,0.5924202127659575
2025020932,2026-02-27,6.5,7,2,0.0,0.0,1.0,1.9523809523809523,1.8695652173913042,production_total,empirical_residual,outer_oos,3,6.361894874432436,0.5059840425531915,0.0,0.49401595744680854
2025020933,2026-02-27,6.5,9,2,0.0,0.0,1.0,2.1,1.7692307692307692,production_total,empirical_residual,outer_oos,3,6.311240671067443,0.5113031914893618,0.0,0.4886968085106383
2025020934,2026-02-28,6.0,5,0,1.0,0.0,0.0,1.9523809523809523,1.8695652173913042,production_total,empirical_residual,outer_oos,3,6.233729686414849,0.412624584717608,0.10564784053156147,0.48172757475083056
2025020935,2026-02-28,6.0,4,0,1.0,0.0,0.0,1.9803921568627452,1.847457627118644,production_total,empirical_residual,outer_oos,3,5.998484622494536,0.4378737541528239,0.12691029900332226,0.43521594684385384
2025020936,2026-02-28,6.5,9,2,0.0,0.0,1.0,1.9090909090909092,1.9090909090909092,production_total,empirical_residual,outer_oos,3,6.570382912944868,0.4860372340425532,0.0,0.5139627659574468
2025020937,2026-02-28,6.0,7,2,0.0,0.0,1.0,1.9090909090909092,1.9090909090909092,production_total,empirical_residual,outer_oos,3,6.428734528715784,0.386046511627907,0.1122923588039867,0.5016611295681063
2025020938,2026-02-28,6.5,4,0,1.0,0.0,0.0,1.9523809523809523,1.8695652173913042,production_total,empirical_residual,outer_oos,3,6.4203461357607745,0.49800531914893614,0.0,0.5019946808510638
2025020939,2026-02-28,6.0,7,2,0.0,0.0,1.0,1.9090909090909092,1.9090909090909092,production_total,empirical_residual,outer_oos,3,6.124807418226483,0.4219269102990033,0.1122923588039867,0.46578073089700994
2025020940,2026-02-28,6.0,8,2,0.0,0.0,1.0,1.8,2.05,production_total,empirical_residual,outer_oos,3,6.4055974109620175,0.39003322259136214,0.10963455149501661,0.5003322259136213
2025020941,2026-02-28,6.0,8,2,0.0,0.0,1.0,1.8,2.05,production_total,empirical_residual,outer_oos,3,6.237740311841949,0.4112956810631229,0.10697674418604651,0.48172757475083056
2025020942,2026-02-28,6.0,7,2,0.0,0.0,1.0,1.8333333333333335,2.0,production_total,empirical_residual,outer_oos,3,6.441701300873372,0.386046511627907,0.11096345514950166,0.5029900332225914
2025020943,2026-02-28,5.5,4,0,1.0,0.0,0.0,1.9090909090909092,1.9090909090909092,production_total,empirical_residual,outer_oos,3,6.115320757792439,0.42220744680851063,0.0,0.5777925531914894
2025020944,2026-02-28,5.5,2,0,1.0,0.0,0.0,1.9090909090909092,1.9090909090909092,production_total,empirical_residual,outer_oos,3,5.859450129008975,0.4488031914893617,0.0,0.5511968085106382
2025020945,2026-02-28,6.0,5,0,1.0,0.0,0.0,1.9523809523809523,1.8695652173913042,production_total,empirical_residual,outer_oos,3,6.138553324090281,0.4219269102990033,0.11096345514950166,0.467109634551495
2025020946,2026-02-28,6.0,6,1,0.0,1.0,0.0,1.9523809523809523,1.8695652173913042,production_total,empirical_residual,outer_oos,3,6.246641218407823,0.4112956810631229,0.10564784053156147,0.4830564784053156
2025020947,2026-03-01,6.5,5,0,1.0,0.0,0.0,2.0,1.8333333333333335,production_total,empirical_residual,outer_oos,3,6.4086060101747755,0.49933510638297873,0.0,0.5006648936170213
2025020948,2026-03-01,5.5,9,2,0.0,0.0,1.0,1.7692307692307692,2.1,production_total,empirical_residual,outer_oos,3,6.01649476887907,0.4341755319148936,0.0,0.5658244680851063
2025020949,2026-03-01,6.5,4,0,1.0,0.0,0.0,2.05,1.8,production_total,empirical_residual,outer_oos,3,6.279048998424357,0.5126329787234043,0.0,0.48736702127659576
2025020950,2026-03-01,6.5,3,0,1.0,0.0,0.0,2.0,1.8333333333333335,production_total,empirical_residual,outer_oos,3,6.147305789093784,0.5325797872340425,0.0,0.4674202127659574
2025020951,2026-03-01,5.5,4,0,1.0,0.0,0.0,1.7407407407407407,2.1399999999999997,production_total,empirical_residual,outer_oos,3,6.216999791790857,0.4142287234042553,0.0,0.5857712765957447
2025020952,2026-03-01,6.5,5,0,1.0,0.0,0.0,2.0,1.8333333333333335,production_total,empirical_residual,outer_oos,3,6.360122208636225,0.507313829787234,0.0,0.49268617021276595
2025020953,2026-03-02,6.5,9,2,0.0,0.0,1.0,2.1,1.7692307692307692,production_total,empirical_residual,outer_oos,3,6.227284991425893,0.5192819148936171,0.0,0.480718085106383
2025020954,2026-03-02,6.5,5,0,1.0,0.0,0.0,2.05,1.8,production_total,empirical_residual,outer_oos,3,6.144375401203368,0.5325797872340425,0.0,0.4674202127659574
2025020955,2026-03-02,6.5,6,0,1.0,0.0,0.0,2.05,1.8,production_total,empirical_residual,outer_oos,3,6.266870954951019,0.5139627659574468,0.0,0.4860372340425532
2025020956,2026-03-02,5.5,7,2,0.0,0.0,1.0,1.7692307692307692,2.1,production_total,empirical_residual,outer_oos,3,6.225638627241352,0.4128989361702128,0.0,0.5871010638297872
2025020957,2026-03-02,5.5,3,0,1.0,0.0,0.0,1.7692307692307692,2.1,production_total,empirical_residual,outer_oos,3,6.314481928575204,0.40624999999999994,0.0,0.59375
2025020958,2026-03-02,5.5,6,2,0.0,0.0,1.0,1.7407407407407407,2.1399999999999997,production_total,empirical_residual,outer_oos,3,6.158249993995223,0.4195478723404255,0.0,0.5804521276595744
2025020959,2026-03-03,6.5,3,0,1.0,0.0,0.0,1.9523809523809523,1.8695652173913042,production_total,empirical_residual,outer_oos,3,6.328202540690211,0.5099734042553191,0.0,0.4900265957446808
2025020960,2026-03-03,6.5,5,0,1.0,0.0,0.0,2.05,1.8,production_total,empirical_residual,outer_oos,3,6.248761916821012,0.5166223404255319,0.0,0.4833776595744681
2025020961,2026-03-03,5.5,6,2,0.0,0.0,1.0,1.8,2.05,production_total,empirical_residual,outer_oos,3,5.99137111498231,0.43949468085106386,0.0,0.5605053191489362
2025020962,2026-03-03,6.5,5,0,1.0,0.0,0.0,2.05,1.8,production_total,empirical_residual,outer_oos,3,6.388063428389786,0.5019946808510638,0.0,0.49800531914893614
2025020963,2026-03-03,6.5,5,0,1.0,0.0,0.0,2.0,1.8333333333333335,production_total,empirical_residual,outer_oos,3,6.488293421101547,0.4913563829787234,0.0,0.5086436170212766
2025020964,2026-03-03,5.5,5,0,1.0,0.0,0.0,1.8333333333333335,2.0,production_total,empirical_residual,outer_oos,3,6.106018680504008,0.42220744680851063,0.0,0.5777925531914894
2025020965,2026-03-03,5.5,7,2,0.0,0.0,1.0,1.925925925925926,1.8928571428571428,production_total,empirical_residual,outer_oos,3,5.967303453381506,0.4421542553191489,0.0,0.557845744680851
2025020966,2026-03-03,6.5,9,2,0.0,0.0,1.0,1.704225352112676,2.2,production_total,empirical_residual,outer_oos,3,6.458009456429369,0.4966755319148936,0.0,0.5033244680851064
2025020967,2026-03-03,6.5,6,0,1.0,0.0,0.0,2.05,1.8,production_total,empirical_residual,outer_oos,3,6.241789176437799,0.5166223404255319,0.0,0.4833776595744681
2025020968,2026-03-03,6.5,6,0,1.0,0.0,0.0,1.7692307692307692,2.1,production_total,empirical_residual,outer_oos,3,6.67594009366478,0.4753989361702128,0.0,0.5246010638297872
2025020969,2026-03-03,6.5,12,2,0.0,0.0,1.0,1.8333333333333335,2.0,production_total,empirical_residual,outer_oos,3,6.31479769480443,0.5099734042553191,0.0,0.4900265957446808
2025020970,2026-03-04,5.5,7,2,0.0,0.0,1.0,1.7692307692307692,2.1,production_total,empirical_residual,outer_oos,3,6.191868577455866,0.41688829787234044,0.0,0.5831117021276596
2025020971,2026-03-04,5.5,7,2,0.0,0.0,1.0,1.8,2.05,production_total,empirical_residual,outer_oos,3,6.204422467485877,0.4142287234042553,0.0,0.5857712765957447
2025020972,2026-03-04,6.5,10,2,0.0,0.0,1.0,2.1399999999999997,1.7407407407407407,production_total,empirical_residual,outer_oos,3,6.611456783278475,0.4820478723404255,0.0,0.5179521276595744
2025020973,2026-03-04,6.5,6,0,1.0,0.0,0.0,1.8695652173913042,1.9523809523809523,production_total,empirical_residual,outer_oos,3,6.472972599909005,0.49401595744680854,0.0,0.5059840425531915
2025020974,2026-03-04,5.5,5,0,1.0,0.0,0.0,1.8,2.05,production_total,empirical_residual,outer_oos,3,5.943843149107294,0.4434840425531915,0.0,0.5565159574468086
2025020975,2026-03-05,5.5,8,2,0.0,0.0,1.0,1.7407407407407407,2.1399999999999997,production_total,empirical_residual,outer_oos,3,6.131225527259375,0.42220744680851063,0.0,0.5777925531914894
2025020976,2026-03-05,5.5,3,0,1.0,0.0,0.0,1.8,2.05,production_total,empirical_residual,outer_oos,3,6.075938927629796,0.4261968085106383,0.0,0.5738031914893618
2025020977,2026-03-05,6.5,6,0,1.0,0.0,0.0,1.9523809523809523,1.8695652173913042,production_total,empirical_residual,outer_oos,3,6.589466485860499,0.4847074468085106,0.0,0.5152925531914894
2025020978,2026-03-05,6.5,6,0,1.0,0.0,0.0,2.0,1.8333333333333335,production_total,empirical_residual,outer_oos,3,6.240038667790842,0.5179521276595744,0.0,0.4820478723404255
2025020979,2026-03-05,6.5,9,2,0.0,0.0,1.0,2.1,1.7692307692307692,production_total,empirical_residual,outer_oos,3,6.186771233300378,0.5285904255319149,0.0,0.4714095744680851
2025020980,2026-03-05,5.5,5,0,1.0,0.0,0.0,1.8,2.05,production_total,empirical_residual,outer_oos,3,6.030286639589063,0.4328457446808511,0.0,0.567154255319149
2025020981,2026-03-05,5.5,5,0,1.0,0.0,0.0,1.7407407407407407,2.1399999999999997,production_total,empirical_residual,outer_oos,3,5.9531722752834595,0.4434840425531915,0.0,0.5565159574468086
2025020982,2026-03-05,5.5,8,2,0.0,0.0,1.0,1.9523809523809523,1.8695652173913042,production_total,empirical_residual,outer_oos,3,5.962686037063748,0.4434840425531915,0.0,0.5565159574468086
2025020983,2026-03-06,6.5,4,0,1.0,0.0,0.0,2.1399999999999997,1.7407407407407407,production_total,empirical_residual,outer_oos,3,6.051799190998686,0.5525265957446809,0.0,0.4474734042553191
2025020984,2026-03-06,5.5,9,2,0.0,0.0,1.0,1.7407407407407407,2.1399999999999997,production_total,empirical_residual,outer_oos,3,6.324387900662413,0.4035904255319149,0.0,0.5964095744680851
2025020985,2026-03-06,6.5,9,2,0.0,0.0,1.0,2.1399999999999997,1.7407407407407407,production_total,empirical_residual,outer_oos,3,6.358395514126971,0.507313829787234,0.0,0.49268617021276595
2025020986,2026-03-06,6.5,9,2,0.0,0.0,1.0,1.7407407407407407,2.1399999999999997,production_total,empirical_residual,outer_oos,3,6.766900329788404,0.4621010638297873,0.0,0.5378989361702128
2025020987,2026-03-06,6.5,11,2,0.0,0.0,1.0,1.7407407407407407,2.1399999999999997,production_total,empirical_residual,outer_oos,3,6.584019150856093,0.4860372340425532,0.0,0.5139627659574468
2025020988,2026-03-06,6.5,6,0,1.0,0.0,0.0,2.05,1.8,production_total,empirical_residual,outer_oos,3,6.268042348106492,0.5126329787234043,0.0,0.48736702127659576
2025020989,2026-03-06,6.5,5,0,1.0,0.0,0.0,2.1,1.7692307692307692,production_total,empirical_residual,outer_oos,3,6.119501090326512,0.5339095744680851,0.0,0.4660904255319149
2025020990,2026-03-07,5.5,4,0,1.0,0.0,0.0,1.7407407407407407,2.1399999999999997,production_total,empirical_residual,outer_oos,3,6.25171365149544,0.4115691489361702,0.0,0.5884308510638298
2025020991,2026-03-07,5.5,9,2,0.0,0.0,1.0,1.8695652173913042,1.9523809523809523,production_total,empirical_residual,outer_oos,3,6.03730145285985,0.4328457446808511,0.0,0.567154255319149
2025020992,2026-03-07,6.5,5,0,1.0,0.0,0.0,2.02,1.819672131147541,production_total,empirical_residual,outer_oos,3,6.410192140233296,0.49933510638297873,0.0,0.5006648936170213
2025020993,2026-03-07,5.5,7,2,0.0,0.0,1.0,1.7692307692307692,2.1,production_total,empirical_residual,outer_oos,3,6.262526584080346,0.4102393617021276,0.0,0.5897606382978724
2025020994,2026-03-07,6.5,7,2,0.0,0.0,1.0,1.925925925925926,1.8928571428571428,production_total,empirical_residual,outer_oos,3,6.262905707808602,0.5139627659574468,0.0,0.4860372340425532
2025020995,2026-03-07,6.5,9,2,0.0,0.0,1.0,2.1,1.7692307692307692,production_total,empirical_residual,outer_oos,3,6.490042835387378,0.4913563829787234,0.0,0.5086436170212766
2025020996,2026-03-07,5.5,5,0,1.0,0.0,0.0,1.7692307692307692,2.1,production_total,empirical_residual,outer_oos,3,6.285810088671169,0.4102393617021276,0.0,0.5897606382978724
2025020997,2026-03-07,5.5,7,2,0.0,0.0,1.0,1.7692307692307692,2.1,production_total,empirical_residual,outer_oos,3,6.051130068397881,0.43151595744680854,0.0,0.5684840425531914
2025020998,2026-03-07,5.5,9,2,0.0,0.0,1.0,1.7692307692307692,2.1,production_total,empirical_residual,outer_oos,3,6.2981620205471724,0.4089095744680851,0.0,0.5910904255319149
2025020999,2026-03-07,6.5,3,0,1.0,0.0,0.0,2.02,1.819672131147541,production_total,empirical_residual,outer_oos,3,6.263496093243867,0.5139627659574468,0.0,0.4860372340425532
2025021000,2026-03-07,5.5,11,2,0.0,0.0,1.0,1.8,2.05,production_total,empirical_residual,outer_oos,3,5.885894961858307,0.4474734042553191,0.0,0.5525265957446809
2025021001,2026-03-08,6.5,5,0,1.0,0.0,0.0,1.9803921568627452,1.847457627118644,production_total,empirical_residual,outer_oos,3,6.583033076561629,0.4860372340425532,0.0,0.5139627659574468
2025021002,2026-03-08,6.5,9,2,0.0,0.0,1.0,2.02,1.819672131147541,production_total,empirical_residual,outer_oos,3,6.39166960332675,0.5019946808510638,0.0,0.49800531914893614
2025021003,2026-03-08,6.5,15,2,0.0,0.0,1.0,1.9523809523809523,1.8695652173913042,production_total,empirical_residual,outer_oos,3,6.299652784088137,0.5113031914893618,0.0,0.4886968085106383
2025021004,2026-03-08,5.5,7,2,0.0,0.0,1.0,1.7407407407407407,2.1399999999999997,production_total,empirical_residual,outer_oos,3,6.108325963411479,0.42220744680851063,0.0,0.5777925531914894
2025021005,2026-03-08,5.5,3,0,1.0,0.0,0.0,1.8695652173913042,1.9523809523809523,production_total,empirical_residual,outer_oos,3,6.194149211290262,0.4155585106382979,0.0,0.5844414893617021
2025021006,2026-03-08,6.5,4,0,1.0,0.0,0.0,1.9523809523809523,1.8695652173913042,production_total,empirical_residual,outer_oos,3,6.424178645186358,0.49800531914893614,0.0,0.5019946808510638
2025021007,2026-03-08,6.5,6,0,1.0,0.0,0.0,1.704225352112676,2.2,production_total,empirical_residual,outer_oos,3,6.625067660104042,0.480718085106383,0.0,0.5192819148936171
2025020828,2026-03-09,5.5,9,2,0.0,0.0,1.0,1.7407407407407407,2.1399999999999997,production_total,empirical_residual,outer_oos,3,6.189944779819488,0.41688829787234044,0.0,0.5831117021276596
2025021008,2026-03-09,5.5,8,2,0.0,0.0,1.0,1.8333333333333335,2.0,production_total,empirical_residual,outer_oos,3,5.877539196418674,0.4488031914893617,0.0,0.5511968085106382
2025021009,2026-03-09,5.5,10,2,0.0,0.0,1.0,1.7407407407407407,2.1399999999999997,production_total,empirical_residual,outer_oos,3,6.181877558620305,0.41688829787234044,0.0,0.5831117021276596
2025021010,2026-03-09,5.5,5,0,1.0,0.0,0.0,1.7407407407407407,2.1399999999999997,production_total,empirical_residual,outer_oos,3,6.213324052544638,0.4142287234042553,0.0,0.5857712765957447
2025021011,2026-03-09,6.5,2,0,1.0,0.0,0.0,2.02,1.819672131147541,production_total,empirical_residual,outer_oos,3,6.271727484520255,0.5126329787234043,0.0,0.48736702127659576
2025021012,2026-03-10,5.5,3,0,1.0,0.0,0.0,1.7407407407407407,2.1399999999999997,production_total,empirical_residual,outer_oos,3,5.936943509595364,0.44481382978723405,0.0,0.555186170212766
2025021013,2026-03-10,6.5,9,2,0.0,0.0,1.0,1.8333333333333335,2.0,production_total,empirical_residual,outer_oos,3,6.4489449826201435,0.4966755319148936,0.0,0.5033244680851064
2025021014,2026-03-10,6.5,4,0,1.0,0.0,0.0,1.847457627118644,1.9803921568627452,production_total,empirical_residual,outer_oos,3,6.424867375960513,0.49800531914893614,0.0,0.5019946808510638
2025021015,2026-03-10,6.5,7,2,0.0,0.0,1.0,1.8928571428571428,1.925925925925926,production_total,empirical_residual,outer_oos,3,6.381706386592882,0.5033244680851064,0.0,0.4966755319148936
2025021016,2026-03-10,5.5,7,2,0.0,0.0,1.0,1.7692307692307692,2.1,production_total,empirical_residual,outer_oos,3,6.191418568049102,0.41688829787234044,0.0,0.5831117021276596
2025021017,2026-03-10,5.5,4,0,1.0,0.0,0.0,1.7692307692307692,2.1,production_total,empirical_residual,outer_oos,3,5.999664305685144,0.43816489361702127,0.0,0.5618351063829787
2025021018,2026-03-10,6.5,9,2,0.0,0.0,1.0,2.05,1.8,production_total,empirical_residual,outer_oos,3,6.716847812696749,0.46875000000000006,0.0,0.53125
2025021019,2026-03-10,5.5,7,2,0.0,0.0,1.0,1.925925925925926,1.8928571428571428,production_total,empirical_residual,outer_oos,3,6.093645865295328,0.42220744680851063,0.0,0.5777925531914894
2025021020,2026-03-10,5.5,3,0,1.0,0.0,0.0,1.8,2.05,production_total,empirical_residual,outer_oos,3,6.091113541038481,0.42220744680851063,0.0,0.5777925531914894
2025021021,2026-03-10,5.5,5,0,1.0,0.0,0.0,1.7407407407407407,2.1399999999999997,production_total,empirical_residual,outer_oos,3,6.354612728739152,0.4035904255319149,0.0,0.5964095744680851
2025021022,2026-03-10,6.5,5,0,1.0,0.0,0.0,2.02,1.819672131147541,production_total,empirical_residual,outer_oos,3,6.4281236183274855,0.49800531914893614,0.0,0.5019946808510638
2025021023,2026-03-10,6.5,7,2,0.0,0.0,1.0,1.6451612903225805,2.3,production_total,empirical_residual,outer_oos,3,7.003082363277543,0.43816489361702127,0.0,0.5618351063829787
2025021024,2026-03-10,5.5,6,2,0.0,0.0,1.0,1.7407407407407407,2.1399999999999997,production_total,empirical_residual,outer_oos,3,6.16395852270115,0.418218085106383,0.0,0.5817819148936171
2025021025,2026-03-11,6.5,5,0,1.0,0.0,0.0,1.925925925925926,1.8928571428571428,production_total,empirical_residual,outer_oos,3,6.2135508014542955,0.5232712765957447,0.0,0.4767287234042553
2025021026,2026-03-11,6.5,5,0,1.0,0.0,0.0,2.1399999999999997,1.7407407407407407,production_total,empirical_residual,outer_oos,3,6.130917004454355,0.5325797872340425,0.0,0.4674202127659574
2025021027,2026-03-12,6.5,6,0,1.0,0.0,0.0,1.8695652173913042,1.9523809523809523,production_total,empirical_residual,outer_oos,3,6.222361147746053,0.5219414893617021,0.0,0.4780585106382979
2025021028,2026-03-12,6.5,3,0,1.0,0.0,0.0,1.8928571428571428,1.925925925925926,production_total,empirical_residual,outer_oos,3,6.555993029385651,0.48736702127659576,0.0,0.5126329787234043
2025021029,2026-03-12,6.5,10,2,0.0,0.0,1.0,1.8333333333333335,2.0,production_total,empirical_residual,outer_oos,3,6.625133769625936,0.480718085106383,0.0,0.5192819148936171
2025021030,2026-03-12,6.5,5,0,1.0,0.0,0.0,2.1,1.7692307692307692,production_total,empirical_residual,outer_oos,3,6.196870808152075,0.5272606382978724,0.0,0.47273936170212766
2025021031,2026-03-12,6.5,3,0,1.0,0.0,0.0,1.9803921568627452,1.847457627118644,production_total,empirical_residual,outer_oos,3,6.2936085304051375,0.5113031914893618,0.0,0.4886968085106383
2025021032,2026-03-12,5.5,9,2,0.0,0.0,1.0,1.8928571428571428,1.925925925925926,production_total,empirical_residual,outer_oos,3,6.0406971163636864,0.4328457446808511,0.0,0.567154255319149
2025021033,2026-03-12,5.5,4,0,1.0,0.0,0.0,1.704225352112676,2.2,production_total,empirical_residual,outer_oos,3,6.3510150117736135,0.4035904255319149,0.0,0.5964095744680851
2025021034,2026-03-12,6.5,9,2,0.0,0.0,1.0,1.8,2.05,production_total,empirical_residual,outer_oos,3,6.467495217970786,0.4953457446808511,0.0,0.5046542553191489
2025021035,2026-03-12,5.5,5,0,1.0,0.0,0.0,1.7407407407407407,2.1399999999999997,production_total,empirical_residual,outer_oos,3,6.122086907924408,0.42220744680851063,0.0,0.5777925531914894
2025021036,2026-03-12,5.5,9,2,0.0,0.0,1.0,1.8928571428571428,1.925925925925926,production_total,empirical_residual,outer_oos,3,5.951073709091088,0.4434840425531915,0.0,0.5565159574468086
2025021037,2026-03-12,5.5,5,0,1.0,0.0,0.0,1.7407407407407407,2.1399999999999997,production_total,empirical_residual,outer_oos,3,6.2148882363105225,0.4142287234042553,0.0,0.5857712765957447
2025021038,2026-03-12,6.5,7,2,0.0,0.0,1.0,2.1,1.7692307692307692,production_total,empirical_residual,outer_oos,3,6.43528614387601,0.49800531914893614,0.0,0.5019946808510638
2025021039,2026-03-12,6.5,8,2,0.0,0.0,1.0,2.05,1.8,production_total,empirical_residual,outer_oos,3,6.469421810800846,0.4953457446808511,0.0,0.5046542553191489
2025021040,2026-03-12,6.5,6,0,1.0,0.0,0.0,2.05,1.8,production_total,empirical_residual,outer_oos,3,6.354435897715106,0.507313829787234,0.0,0.49268617021276595
2025021041,2026-03-13,5.5,5,0,1.0,0.0,0.0,1.8695652173913042,1.9523809523809523,production_total,empirical_residual,outer_oos,3,5.9995031549388536,0.43816489361702127,0.0,0.5618351063829787
2025021042,2026-03-13,6.5,5,0,1.0,0.0,0.0,1.8695652173913042,1.9523809523809523,production_total,empirical_residual,outer_oos,3,6.5881494809229135,0.4847074468085106,0.0,0.5152925531914894
